train_id,train_type,corridor,section_entry_time,section_exit_time,speed_kmph,delay_minutes,precedence_override_issued,assigned_loop_line,loop_wait_minutes,section_throughput_before,section_throughput_after,throughput_improvement_pct,heuristic_iteration,heuristic_score,convergence_achieved,jssp_solve_ms
TRN-2000,Freight-Heavy,Vadodara-Surat,2026-06-11 14:33:00,2026-06-11 15:10:00,55,19.8,False,None,0,65,97,49.2,2,0.9127,True,274.0
TRN-2001,Freight-Heavy,Delhi-Mumbai,2026-06-11 21:46:00,2026-06-11 22:09:00,35,15.4,True,Loop-9,11.7,60,98,63.3,5,0.9802,True,292.3
TRN-2002,Freight-Bulk,Delhi-Kolkata,2026-06-13 03:18:00,2026-06-13 03:56:00,35,9.8,False,None,0,64,93,45.3,48,0.7834,True,173.1
TRN-2003,Freight-Bulk,Chennai-Hyderabad,2026-06-10 20:09:00,2026-06-10 20:39:00,45,3.3,True,Loop-12,6.8,68,90,32.4,12,0.9504,False,289.6
TRN-2004,Vande Bharat,Delhi-Kolkata,2026-06-12 20:29:00,2026-06-12 20:49:00,128,1.6,False,None,0,58,93,60.3,33,0.8636,True,207.8
TRN-2005,BOXN Goods,Delhi-Mumbai,2026-06-10 10:59:00,2026-06-10 11:10:00,41,7.2,True,Loop-6,6.4,63,92,46.0,26,0.9361,True,184.4
TRN-2006,Freight-Heavy,Delhi-Mumbai,2026-06-11 07:30:00,2026-06-11 07:55:00,50,9.2,True,Loop-7,8.0,69,94,36.2,12,0.8945,True,101.6
TRN-2007,Shatabdi,Delhi-Kolkata,2026-06-11 22:21:00,2026-06-11 22:56:00,138,4.8,False,None,0,60,95,58.3,29,0.7889,True,175.2
TRN-2008,Shatabdi,Chennai-Hyderabad,2026-06-12 17:23:00,2026-06-12 17:34:00,150,7.8,False,None,0,59,98,66.1,24,0.8877,True,123.2
TRN-2009,Rajdhani,Delhi-Mumbai,2026-06-10 10:15:00,2026-06-10 10:51:00,148,5.4,False,None,0,58,90,55.2,16,0.9435,True,183.4
TRN-2010,Freight-Bulk,Vadodara-Surat,2026-06-10 10:25:00,2026-06-10 10:56:00,39,17.0,True,Loop-3,7.3,70,89,27.1,26,0.846,True,339.3
TRN-2011,BOXN Goods,Delhi-Kolkata,2026-06-10 09:32:00,2026-06-10 10:04:00,40,12.5,True,Loop-12,6.5,59,92,55.9,40,0.84,True,212.6
TRN-2012,Rajdhani,Delhi-Kolkata,2026-06-10 22:44:00,2026-06-10 23:20:00,114,3.6,False,None,0,59,98,66.1,43,0.853,False,226.4
TRN-2013,Rajdhani,Vadodara-Surat,2026-06-11 22:57:00,2026-06-11 23:16:00,155,5.7,False,None,0,70,93,32.9,15,0.8055,True,117.5
TRN-2014,Vande Bharat,Mumbai-Chennai,2026-06-13 01:27:00,2026-06-13 01:58:00,133,4.4,False,None,0,65,96,47.7,40,0.9657,False,187.5
TRN-2015,Freight-Bulk,Delhi-Mumbai,2026-06-12 23:21:00,2026-06-12 23:33:00,48,19.2,False,None,0,63,98,55.6,29,0.8778,True,114.7
TRN-2016,Rajdhani,Mumbai-Chennai,2026-06-11 06:50:00,2026-06-11 07:01:00,137,4.0,False,None,0,59,96,62.7,20,0.8146,True,271.5
TRN-2017,Freight-Bulk,Mumbai-Chennai,2026-06-12 05:14:00,2026-06-12 05:38:00,44,21.1,False,None,0,66,92,39.4,41,0.8436,True,215.7
TRN-2018,Freight-Bulk,Delhi-Mumbai,2026-06-11 05:01:00,2026-06-11 05:30:00,53,3.9,True,Loop-2,2.5,67,88,31.3,42,0.9419,True,136.9
TRN-2019,Freight-Bulk,Mumbai-Chennai,2026-06-12 14:52:00,2026-06-12 15:18:00,55,0.8,True,Loop-11,6.1,62,95,53.2,30,0.7953,False,198.7
TRN-2020,Freight-Heavy,Delhi-Kolkata,2026-06-13 00:06:00,2026-06-13 00:23:00,41,8.5,False,None,0,69,93,34.8,26,0.8075,True,231.6
TRN-2021,Rajdhani,Delhi-Mumbai,2026-06-12 01:34:00,2026-06-12 02:10:00,139,1.0,False,None,0,61,90,47.5,4,0.8409,True,246.2
TRN-2022,Rajdhani,Chennai-Hyderabad,2026-06-11 15:53:00,2026-06-11 16:21:00,130,7.5,False,None,0,61,90,47.5,33,0.878,True,214.3
TRN-2023,Freight-Heavy,Delhi-Mumbai,2026-06-10 18:17:00,2026-06-10 18:40:00,51,11.4,False,None,0,63,88,39.7,19,0.8839,True,256.7
TRN-2024,Shatabdi,Delhi-Kolkata,2026-06-12 22:15:00,2026-06-12 22:29:00,144,0.1,False,None,0,64,90,40.6,47,0.8568,True,92.2
TRN-2025,Freight-Bulk,Vadodara-Surat,2026-06-10 12:59:00,2026-06-10 13:25:00,52,4.9,False,None,0,66,95,43.9,18,0.9533,True,245.0
TRN-2026,Vande Bharat,Mumbai-Chennai,2026-06-10 23:34:00,2026-06-11 00:03:00,135,3.0,False,None,0,66,93,40.9,13,0.9065,True,90.9
TRN-2027,Rajdhani,Mumbai-Chennai,2026-06-10 11:18:00,2026-06-10 11:56:00,155,2.7,False,None,0,66,95,43.9,39,0.9676,False,331.5
TRN-2028,Rajdhani,Vadodara-Surat,2026-06-12 01:29:00,2026-06-12 01:56:00,135,7.9,False,None,0,67,93,38.8,33,0.8918,True,160.9
TRN-2029,Shatabdi,Delhi-Mumbai,2026-06-10 08:16:00,2026-06-10 08:50:00,131,5.4,False,None,0,67,92,37.3,39,0.8797,True,291.4
TRN-2030,BOXN Goods,Chennai-Hyderabad,2026-06-11 13:04:00,2026-06-11 13:22:00,36,14.6,True,Loop-3,10.2,69,97,40.6,16,0.7866,True,109.7
TRN-2031,Freight-Heavy,Vadodara-Surat,2026-06-10 08:35:00,2026-06-10 09:09:00,45,10.5,True,Loop-8,10.7,64,96,50.0,48,0.9328,True,220.0
TRN-2032,BOXN Goods,Delhi-Kolkata,2026-06-12 02:22:00,2026-06-12 02:50:00,50,13.1,True,Loop-9,5.5,65,96,47.7,50,0.9622,True,297.0
TRN-2033,Freight-Bulk,Delhi-Kolkata,2026-06-11 18:05:00,2026-06-11 18:28:00,50,4.8,False,None,0,62,91,46.8,50,0.8407,True,270.3
TRN-2034,Freight-Heavy,Vadodara-Surat,2026-06-12 01:17:00,2026-06-12 01:42:00,46,14.0,False,None,0,67,98,46.3,25,0.9681,True,173.2
TRN-2035,Shatabdi,Delhi-Kolkata,2026-06-11 01:59:00,2026-06-11 02:12:00,112,2.3,False,None,0,63,95,50.8,48,0.8806,True,225.4
TRN-2036,Rajdhani,Vadodara-Surat,2026-06-11 19:05:00,2026-06-11 19:28:00,116,4.9,False,None,0,61,88,44.3,15,0.914,False,191.6
TRN-2037,Vande Bharat,Chennai-Hyderabad,2026-06-12 22:29:00,2026-06-12 22:37:00,153,6.2,False,None,0,66,90,36.4,42,0.9764,True,208.9
TRN-2038,Shatabdi,Vadodara-Surat,2026-06-11 09:13:00,2026-06-11 09:24:00,130,2.3,False,None,0,70,89,27.1,15,0.8924,True,332.9
TRN-2039,Freight-Heavy,Mumbai-Chennai,2026-06-11 05:54:00,2026-06-11 06:04:00,40,23.3,True,Loop-12,11.6,64,95,48.4,19,0.9641,False,233.3
TRN-2040,Shatabdi,Chennai-Hyderabad,2026-06-10 20:39:00,2026-06-10 21:18:00,128,3.6,False,None,0,60,96,60.0,18,0.8205,False,123.9
TRN-2041,BOXN Goods,Vadodara-Surat,2026-06-12 20:39:00,2026-06-12 20:47:00,43,18.0,True,Loop-11,9.6,70,92,31.4,12,0.9083,True,189.5
TRN-2042,Freight-Bulk,Delhi-Kolkata,2026-06-12 16:23:00,2026-06-12 16:37:00,45,2.2,False,None,0,60,95,58.3,16,0.7814,True,200.6
TRN-2043,Shatabdi,Delhi-Kolkata,2026-06-11 18:27:00,2026-06-11 18:35:00,129,4.7,False,None,0,62,98,58.1,45,0.8296,True,205.7
TRN-2044,Freight-Heavy,Delhi-Kolkata,2026-06-11 03:48:00,2026-06-11 04:15:00,51,23.1,True,Loop-10,4.2,68,92,35.3,9,0.8804,True,347.0
TRN-2045,Freight-Heavy,Delhi-Mumbai,2026-06-12 09:00:00,2026-06-12 09:21:00,52,22.8,True,Loop-9,6.5,68,97,42.6,46,0.856,True,110.3
TRN-2046,Rajdhani,Chennai-Hyderabad,2026-06-13 03:00:00,2026-06-13 03:18:00,146,4.3,False,None,0,63,96,52.4,8,0.9229,True,212.0
TRN-2047,Freight-Heavy,Vadodara-Surat,2026-06-13 03:40:00,2026-06-13 04:20:00,36,11.3,True,Loop-8,8.7,67,88,31.3,20,0.9319,True,300.4
TRN-2048,Freight-Bulk,Delhi-Mumbai,2026-06-11 11:45:00,2026-06-11 12:15:00,37,1.1,True,Loop-8,2.3,66,88,33.3,27,0.8178,False,253.2
TRN-2049,Shatabdi,Vadodara-Surat,2026-06-12 15:23:00,2026-06-12 15:55:00,134,3.6,False,None,0,64,89,39.1,9,0.9172,True,128.2
TRN-2050,Freight-Bulk,Delhi-Kolkata,2026-06-12 11:39:00,2026-06-12 12:01:00,39,18.2,True,Loop-8,8.7,70,88,25.7,35,0.8691,True,142.0
TRN-2051,Shatabdi,Chennai-Hyderabad,2026-06-12 20:53:00,2026-06-12 21:08:00,119,2.2,False,None,0,58,98,69.0,40,0.9409,True,84.2
TRN-2052,Vande Bharat,Delhi-Mumbai,2026-06-11 10:08:00,2026-06-11 10:44:00,116,4.8,False,None,0,67,98,46.3,16,0.9355,True,143.3
TRN-2053,Vande Bharat,Delhi-Kolkata,2026-06-11 11:39:00,2026-06-11 12:05:00,118,4.0,False,None,0,61,97,59.0,37,0.9056,True,166.6
TRN-2054,Rajdhani,Delhi-Mumbai,2026-06-11 23:12:00,2026-06-11 23:46:00,152,4.2,False,None,0,62,92,48.4,36,0.9792,True,326.1
TRN-2055,Freight-Bulk,Vadodara-Surat,2026-06-12 16:19:00,2026-06-12 16:49:00,50,1.2,True,Loop-6,9.0,68,94,38.2,27,0.8113,True,283.7
TRN-2056,Rajdhani,Delhi-Mumbai,2026-06-12 22:39:00,2026-06-12 22:56:00,124,2.4,False,None,0,70,95,35.7,36,0.8667,True,223.1
TRN-2057,Rajdhani,Delhi-Mumbai,2026-06-12 11:01:00,2026-06-12 11:14:00,126,1.6,False,None,0,65,93,43.1,35,0.9322,True,152.5
TRN-2058,Vande Bharat,Delhi-Kolkata,2026-06-10 11:23:00,2026-06-10 11:44:00,122,6.4,False,None,0,65,91,40.0,20,0.981,False,333.0
TRN-2059,BOXN Goods,Delhi-Kolkata,2026-06-10 22:01:00,2026-06-10 22:22:00,50,22.9,True,Loop-5,5.8,61,96,57.4,35,0.9162,True,177.1
TRN-2060,Freight-Heavy,Delhi-Kolkata,2026-06-13 01:53:00,2026-06-13 02:31:00,38,20.1,True,Loop-6,6.1,63,91,44.4,37,0.9615,True,84.4
TRN-2061,Shatabdi,Mumbai-Chennai,2026-06-12 15:00:00,2026-06-12 15:22:00,119,1.6,False,None,0,64,97,51.6,32,0.8956,True,171.1
TRN-2062,BOXN Goods,Mumbai-Chennai,2026-06-13 00:42:00,2026-06-13 01:19:00,55,18.5,False,None,0,70,93,32.9,9,0.9313,True,327.6
TRN-2063,Freight-Bulk,Delhi-Mumbai,2026-06-10 14:01:00,2026-06-10 14:13:00,36,21.0,True,Loop-7,3.4,68,88,29.4,41,0.8286,True,82.5
TRN-2064,Freight-Heavy,Vadodara-Surat,2026-06-13 03:02:00,2026-06-13 03:40:00,46,1.5,True,Loop-9,6.1,58,88,51.7,2,0.8912,True,343.9
TRN-2065,Freight-Bulk,Mumbai-Chennai,2026-06-10 08:20:00,2026-06-10 08:39:00,48,20.2,False,None,0,59,96,62.7,16,0.8203,True,300.1
TRN-2066,Freight-Heavy,Delhi-Kolkata,2026-06-11 18:29:00,2026-06-11 19:02:00,37,9.3,True,Loop-11,10.3,61,91,49.2,6,0.9173,True,285.1
TRN-2067,Freight-Heavy,Delhi-Mumbai,2026-06-10 18:45:00,2026-06-10 19:23:00,47,9.4,False,None,0,58,90,55.2,32,0.9575,True,169.4
TRN-2068,Freight-Bulk,Delhi-Kolkata,2026-06-10 19:01:00,2026-06-10 19:39:00,36,5.7,False,None,0,59,98,66.1,35,0.8983,False,330.8
TRN-2069,Vande Bharat,Mumbai-Chennai,2026-06-12 00:56:00,2026-06-12 01:29:00,123,4.7,False,None,0,59,92,55.9,37,0.8305,True,185.1
TRN-2070,Freight-Heavy,Delhi-Mumbai,2026-06-12 03:17:00,2026-06-12 03:30:00,39,19.8,True,Loop-7,4.3,63,88,39.7,5,0.8515,True,337.8
TRN-2071,Shatabdi,Delhi-Kolkata,2026-06-12 12:09:00,2026-06-12 12:45:00,111,5.1,False,None,0,65,91,40.0,36,0.9776,True,263.5
TRN-2072,Vande Bharat,Delhi-Mumbai,2026-06-12 09:53:00,2026-06-12 10:16:00,159,4.9,False,None,0,69,89,29.0,18,0.8124,True,251.2
TRN-2073,Shatabdi,Delhi-Kolkata,2026-06-12 11:11:00,2026-06-12 11:19:00,133,0.9,False,None,0,62,95,53.2,49,0.8367,False,130.6
TRN-2074,Freight-Bulk,Delhi-Mumbai,2026-06-12 19:16:00,2026-06-12 19:30:00,52,12.8,False,None,0,63,96,52.4,39,0.9056,True,184.0
TRN-2075,Freight-Heavy,Chennai-Hyderabad,2026-06-11 21:50:00,2026-06-11 22:13:00,47,19.5,True,Loop-3,3.4,60,98,63.3,20,0.8364,False,125.1
TRN-2076,Freight-Heavy,Chennai-Hyderabad,2026-06-11 19:40:00,2026-06-11 19:52:00,44,12.1,True,Loop-10,8.2,61,98,60.7,30,0.8025,True,336.2
TRN-2077,Freight-Bulk,Vadodara-Surat,2026-06-12 03:21:00,2026-06-12 03:50:00,47,20.1,True,Loop-3,5.0,64,98,53.1,39,0.9789,True,164.8
TRN-2078,Shatabdi,Delhi-Kolkata,2026-06-12 12:22:00,2026-06-12 13:01:00,128,5.9,False,None,0,67,91,35.8,25,0.8389,True,178.6
TRN-2079,Freight-Bulk,Chennai-Hyderabad,2026-06-11 09:16:00,2026-06-11 09:25:00,52,4.5,True,Loop-5,10.3,65,91,40.0,5,0.952,True,190.5
TRN-2080,Rajdhani,Chennai-Hyderabad,2026-06-13 02:10:00,2026-06-13 02:34:00,150,2.4,False,None,0,68,90,32.4,25,0.7955,True,209.4
TRN-2081,Freight-Bulk,Vadodara-Surat,2026-06-12 12:43:00,2026-06-12 13:17:00,51,23.1,True,Loop-10,8.4,70,93,32.9,6,0.803,True,259.5
TRN-2082,BOXN Goods,Delhi-Mumbai,2026-06-11 04:42:00,2026-06-11 05:15:00,54,1.1,True,Loop-1,3.0,63,94,49.2,15,0.8872,True,236.7
TRN-2083,Freight-Heavy,Delhi-Mumbai,2026-06-11 12:10:00,2026-06-11 12:50:00,46,9.8,False,None,0,58,95,63.8,19,0.8674,True,111.3
TRN-2084,Shatabdi,Delhi-Kolkata,2026-06-11 01:20:00,2026-06-11 01:41:00,129,2.7,False,None,0,66,95,43.9,31,0.8005,True,202.2
TRN-2085,Shatabdi,Delhi-Mumbai,2026-06-10 15:10:00,2026-06-10 15:25:00,112,6.5,False,None,0,58,93,60.3,44,0.948,True,279.9
TRN-2086,Rajdhani,Chennai-Hyderabad,2026-06-13 04:27:00,2026-06-13 05:02:00,145,1.3,False,None,0,65,91,40.0,41,0.8187,True,196.7
TRN-2087,BOXN Goods,Mumbai-Chennai,2026-06-10 09:59:00,2026-06-10 10:35:00,54,22.1,True,Loop-4,4.8,64,88,37.5,46,0.9498,False,107.5
TRN-2088,Shatabdi,Chennai-Hyderabad,2026-06-11 07:31:00,2026-06-11 07:46:00,130,1.6,False,None,0,62,98,58.1,34,0.9828,True,184.9
TRN-2089,Freight-Bulk,Vadodara-Surat,2026-06-12 11:35:00,2026-06-12 12:12:00,38,8.7,True,Loop-10,2.8,68,92,35.3,9,0.8458,True,111.6
TRN-2090,BOXN Goods,Chennai-Hyderabad,2026-06-12 08:58:00,2026-06-12 09:32:00,39,12.8,True,Loop-3,6.9,67,94,40.3,35,0.9256,True,350.0
TRN-2091,Freight-Heavy,Delhi-Kolkata,2026-06-11 04:46:00,2026-06-11 05:14:00,44,3.5,True,Loop-1,6.8,67,88,31.3,13,0.9512,True,216.5
TRN-2092,Freight-Heavy,Delhi-Mumbai,2026-06-13 01:34:00,2026-06-13 02:10:00,50,10.4,True,Loop-4,4.9,59,97,64.4,18,0.8272,True,290.8
TRN-2093,Freight-Bulk,Vadodara-Surat,2026-06-13 01:37:00,2026-06-13 01:52:00,51,2.8,False,None,0,66,93,40.9,49,0.7887,True,227.5
TRN-2094,Vande Bharat,Chennai-Hyderabad,2026-06-12 16:02:00,2026-06-12 16:25:00,157,6.6,False,None,0,62,88,41.9,17,0.8532,True,198.5
TRN-2095,Rajdhani,Chennai-Hyderabad,2026-06-10 22:01:00,2026-06-10 22:31:00,123,6.5,False,None,0,69,97,40.6,11,0.9094,True,299.7
TRN-2096,Freight-Bulk,Delhi-Kolkata,2026-06-10 14:06:00,2026-06-10 14:24:00,46,13.3,False,None,0,69,92,33.3,37,0.8361,True,346.1
TRN-2097,Rajdhani,Mumbai-Chennai,2026-06-10 19:00:00,2026-06-10 19:11:00,158,6.3,False,None,0,62,98,58.1,45,0.9619,True,272.1
TRN-2098,BOXN Goods,Delhi-Mumbai,2026-06-11 15:47:00,2026-06-11 16:12:00,47,12.2,True,Loop-11,9.9,64,95,48.4,50,0.7995,True,155.1
TRN-2099,Freight-Heavy,Chennai-Hyderabad,2026-06-12 08:23:00,2026-06-12 08:31:00,50,8.2,True,Loop-11,8.6,69,89,29.0,23,0.9585,True,187.4
TRN-2100,Rajdhani,Vadodara-Surat,2026-06-12 16:39:00,2026-06-12 17:05:00,141,2.1,False,None,0,63,96,52.4,9,0.8989,True,172.8
TRN-2101,Vande Bharat,Mumbai-Chennai,2026-06-10 12:36:00,2026-06-10 13:13:00,116,5.0,False,None,0,58,89,53.4,29,0.8759,True,195.5
TRN-2102,BOXN Goods,Delhi-Mumbai,2026-06-11 00:00:00,2026-06-11 00:25:00,44,4.0,False,None,0,63,92,46.0,24,0.9195,True,94.0
TRN-2103,BOXN Goods,Chennai-Hyderabad,2026-06-11 23:42:00,2026-06-11 23:55:00,42,10.7,True,Loop-2,3.3,58,91,56.9,15,0.8891,True,82.2
TRN-2104,Vande Bharat,Chennai-Hyderabad,2026-06-12 04:54:00,2026-06-12 05:32:00,137,5.6,False,None,0,59,91,54.2,6,0.9335,False,164.6
TRN-2105,Rajdhani,Mumbai-Chennai,2026-06-11 22:51:00,2026-06-11 23:07:00,134,6.2,False,None,0,68,98,44.1,5,0.8914,False,255.5
TRN-2106,Shatabdi,Chennai-Hyderabad,2026-06-12 18:05:00,2026-06-12 18:22:00,156,1.7,False,None,0,64,97,51.6,14,0.7982,False,283.2
TRN-2107,Shatabdi,Delhi-Mumbai,2026-06-12 10:25:00,2026-06-12 10:41:00,137,2.5,False,None,0,61,92,50.8,16,0.8962,True,244.1
TRN-2108,BOXN Goods,Delhi-Mumbai,2026-06-10 09:39:00,2026-06-10 10:19:00,44,5.1,False,None,0,64,92,43.8,16,0.8839,False,214.9
TRN-2109,Freight-Bulk,Delhi-Kolkata,2026-06-10 15:41:00,2026-06-10 16:09:00,35,24.7,False,None,0,67,94,40.3,35,0.9234,True,337.7
TRN-2110,Vande Bharat,Delhi-Mumbai,2026-06-10 15:57:00,2026-06-10 16:21:00,147,0.5,False,None,0,61,88,44.3,26,0.8864,True,215.3
TRN-2111,Freight-Heavy,Vadodara-Surat,2026-06-12 14:43:00,2026-06-12 15:00:00,47,2.1,False,None,0,62,89,43.5,14,0.9846,True,168.2
TRN-2112,Shatabdi,Delhi-Mumbai,2026-06-10 15:01:00,2026-06-10 15:24:00,154,3.5,False,None,0,58,91,56.9,28,0.8044,True,94.9
TRN-2113,Vande Bharat,Delhi-Kolkata,2026-06-11 05:58:00,2026-06-11 06:06:00,110,5.7,False,None,0,60,95,58.3,34,0.8886,True,150.0
TRN-2114,Rajdhani,Delhi-Mumbai,2026-06-12 08:46:00,2026-06-12 09:11:00,157,6.2,False,None,0,69,89,29.0,22,0.9495,True,97.2
TRN-2115,Freight-Heavy,Delhi-Kolkata,2026-06-10 16:31:00,2026-06-10 16:42:00,49,12.8,True,Loop-3,4.6,67,90,34.3,7,0.9678,True,111.1
TRN-2116,Vande Bharat,Chennai-Hyderabad,2026-06-13 03:28:00,2026-06-13 03:36:00,112,6.9,False,None,0,61,88,44.3,24,0.8604,True,331.4
TRN-2117,Freight-Bulk,Delhi-Kolkata,2026-06-10 10:49:00,2026-06-10 11:17:00,55,10.5,False,None,0,69,93,34.8,5,0.9,False,261.8
TRN-2118,Rajdhani,Chennai-Hyderabad,2026-06-10 13:11:00,2026-06-10 13:21:00,124,6.4,False,None,0,64,89,39.1,19,0.9424,True,103.3
TRN-2119,Vande Bharat,Mumbai-Chennai,2026-06-12 20:21:00,2026-06-12 20:48:00,133,1.6,False,None,0,69,97,40.6,30,0.8573,True,349.4
TRN-2120,BOXN Goods,Mumbai-Chennai,2026-06-11 08:40:00,2026-06-11 09:03:00,52,19.0,False,None,0,64,88,37.5,35,0.8527,True,316.8
TRN-2121,Vande Bharat,Vadodara-Surat,2026-06-12 03:44:00,2026-06-12 04:11:00,158,5.3,False,None,0,59,91,54.2,16,0.8682,True,342.6
TRN-2122,BOXN Goods,Delhi-Kolkata,2026-06-11 01:26:00,2026-06-11 01:48:00,43,2.3,True,Loop-8,11.7,66,94,42.4,6,0.902,True,252.0
TRN-2123,Vande Bharat,Mumbai-Chennai,2026-06-12 11:50:00,2026-06-12 12:25:00,147,4.5,False,None,0,68,90,32.4,19,0.8348,True,296.2
TRN-2124,Shatabdi,Vadodara-Surat,2026-06-12 02:32:00,2026-06-12 02:44:00,138,2.2,False,None,0,61,90,47.5,7,0.8126,True,205.8
TRN-2125,Vande Bharat,Chennai-Hyderabad,2026-06-12 13:30:00,2026-06-12 13:51:00,144,2.9,False,None,0,65,92,41.5,17,0.959,False,298.1
TRN-2126,BOXN Goods,Delhi-Kolkata,2026-06-11 23:32:00,2026-06-12 00:00:00,54,1.0,False,None,0,69,91,31.9,26,0.8878,True,150.2
TRN-2127,Vande Bharat,Delhi-Mumbai,2026-06-11 05:44:00,2026-06-11 06:07:00,135,6.8,False,None,0,59,95,61.0,9,0.8055,False,290.9
TRN-2128,Rajdhani,Delhi-Mumbai,2026-06-11 12:20:00,2026-06-11 12:51:00,122,6.6,False,None,0,68,98,44.1,38,0.9031,True,100.2
TRN-2129,Rajdhani,Delhi-Mumbai,2026-06-10 14:48:00,2026-06-10 15:04:00,151,3.5,False,None,0,59,93,57.6,3,0.9779,False,329.5
TRN-2130,BOXN Goods,Mumbai-Chennai,2026-06-12 17:08:00,2026-06-12 17:40:00,47,12.4,True,Loop-3,4.7,60,93,55.0,29,0.9655,False,247.2
TRN-2131,BOXN Goods,Mumbai-Chennai,2026-06-11 15:33:00,2026-06-11 16:11:00,44,12.5,False,None,0,62,94,51.6,27,0.8219,True,222.0
TRN-2132,Freight-Heavy,Delhi-Kolkata,2026-06-10 08:39:00,2026-06-10 09:18:00,46,12.0,False,None,0,67,96,43.3,25,0.8368,False,241.2
TRN-2133,Shatabdi,Vadodara-Surat,2026-06-10 10:00:00,2026-06-10 10:38:00,113,6.5,False,None,0,66,93,40.9,15,0.9845,False,257.4
TRN-2134,Freight-Bulk,Delhi-Kolkata,2026-06-11 18:23:00,2026-06-11 18:45:00,36,19.1,True,Loop-3,3.8,70,94,34.3,38,0.8468,True,176.9
TRN-2135,BOXN Goods,Vadodara-Surat,2026-06-10 09:51:00,2026-06-10 10:08:00,46,23.7,True,Loop-5,3.8,61,95,55.7,3,0.799,True,139.1
TRN-2136,Freight-Heavy,Delhi-Kolkata,2026-06-13 05:52:00,2026-06-13 06:12:00,35,8.3,True,Loop-1,2.2,63,90,42.9,38,0.928,False,109.9
TRN-2137,Shatabdi,Delhi-Kolkata,2026-06-13 05:51:00,2026-06-13 06:24:00,114,3.0,False,None,0,67,89,32.8,20,0.8477,True,277.7
TRN-2138,BOXN Goods,Delhi-Kolkata,2026-06-12 17:38:00,2026-06-12 17:57:00,50,16.2,True,Loop-4,8.7,66,97,47.0,12,0.8595,True,159.5
TRN-2139,BOXN Goods,Delhi-Mumbai,2026-06-11 06:15:00,2026-06-11 06:48:00,35,23.7,True,Loop-3,8.0,70,97,38.6,40,0.8264,True,332.9
TRN-2140,Shatabdi,Delhi-Mumbai,2026-06-11 01:12:00,2026-06-11 01:42:00,157,0.6,False,None,0,63,90,42.9,46,0.9207,True,170.7
TRN-2141,Shatabdi,Delhi-Mumbai,2026-06-10 07:33:00,2026-06-10 07:45:00,123,2.0,False,None,0,63,92,46.0,47,0.7803,True,277.8
TRN-2142,Freight-Heavy,Vadodara-Surat,2026-06-11 04:42:00,2026-06-11 05:12:00,50,22.0,True,Loop-11,9.6,59,95,61.0,15,0.8142,False,308.4
TRN-2143,Vande Bharat,Mumbai-Chennai,2026-06-11 22:15:00,2026-06-11 22:29:00,130,2.1,False,None,0,59,93,57.6,25,0.8138,False,334.3
TRN-2144,Shatabdi,Chennai-Hyderabad,2026-06-10 18:42:00,2026-06-10 19:20:00,148,7.9,False,None,0,69,88,27.5,42,0.8146,True,122.4
TRN-2145,Shatabdi,Vadodara-Surat,2026-06-10 19:49:00,2026-06-10 20:23:00,123,7.8,False,None,0,69,96,39.1,17,0.9187,True,105.9
TRN-2146,Freight-Bulk,Delhi-Mumbai,2026-06-12 11:38:00,2026-06-12 11:55:00,52,21.0,False,None,0,58,94,62.1,19,0.953,True,209.7
TRN-2147,Vande Bharat,Delhi-Mumbai,2026-06-10 19:14:00,2026-06-10 19:40:00,123,1.4,False,None,0,59,95,61.0,20,0.9448,True,321.6
TRN-2148,Vande Bharat,Delhi-Kolkata,2026-06-11 18:10:00,2026-06-11 18:29:00,151,4.4,False,None,0,63,94,49.2,12,0.8736,True,205.6
TRN-2149,Shatabdi,Delhi-Kolkata,2026-06-11 12:53:00,2026-06-11 13:07:00,146,0.5,False,None,0,59,98,66.1,35,0.8669,True,141.4
TRN-2150,Freight-Heavy,Delhi-Kolkata,2026-06-10 14:19:00,2026-06-10 14:57:00,51,10.5,True,Loop-2,5.9,61,95,55.7,46,0.7873,True,219.5
TRN-2151,Vande Bharat,Mumbai-Chennai,2026-06-11 02:07:00,2026-06-11 02:25:00,158,3.6,False,None,0,61,91,49.2,3,0.8689,True,197.6
TRN-2152,Freight-Bulk,Vadodara-Surat,2026-06-11 02:11:00,2026-06-11 02:23:00,43,8.0,False,None,0,66,94,42.4,21,0.9599,True,327.6
TRN-2153,BOXN Goods,Vadodara-Surat,2026-06-10 07:41:00,2026-06-10 08:15:00,54,14.7,False,None,0,60,90,50.0,38,0.9024,True,107.1
TRN-2154,Freight-Bulk,Chennai-Hyderabad,2026-06-10 20:25:00,2026-06-10 20:55:00,38,19.6,True,Loop-10,8.1,62,94,51.6,3,0.8162,True,246.9
TRN-2155,Vande Bharat,Delhi-Mumbai,2026-06-12 12:50:00,2026-06-12 13:19:00,135,7.1,False,None,0,69,91,31.9,48,0.8798,True,180.6
TRN-2156,Shatabdi,Delhi-Mumbai,2026-06-12 04:07:00,2026-06-12 04:46:00,129,2.2,False,None,0,69,98,42.0,15,0.8082,True,199.6
TRN-2157,Shatabdi,Mumbai-Chennai,2026-06-12 01:48:00,2026-06-12 02:01:00,156,3.3,False,None,0,61,95,55.7,27,0.9356,True,314.1
TRN-2158,Freight-Bulk,Vadodara-Surat,2026-06-10 13:40:00,2026-06-10 14:20:00,40,1.6,True,Loop-1,3.7,70,96,37.1,13,0.9558,True,203.2
TRN-2159,BOXN Goods,Delhi-Mumbai,2026-06-12 07:12:00,2026-06-12 07:49:00,41,6.8,True,Loop-4,5.7,68,89,30.9,39,0.8737,True,208.1
TRN-2160,Shatabdi,Delhi-Kolkata,2026-06-12 05:45:00,2026-06-12 06:09:00,120,6.7,False,None,0,69,89,29.0,2,0.8612,True,234.5
TRN-2161,Rajdhani,Chennai-Hyderabad,2026-06-11 11:15:00,2026-06-11 11:36:00,151,1.8,False,None,0,62,98,58.1,33,0.7842,True,287.2
TRN-2162,Freight-Heavy,Delhi-Kolkata,2026-06-10 07:12:00,2026-06-10 07:20:00,39,16.2,False,None,0,67,92,37.3,28,0.9681,True,203.9
TRN-2163,Freight-Heavy,Delhi-Kolkata,2026-06-11 11:47:00,2026-06-11 12:20:00,44,16.9,True,Loop-9,8.5,58,96,65.5,39,0.8394,True,210.1
TRN-2164,Shatabdi,Delhi-Kolkata,2026-06-12 03:54:00,2026-06-12 04:19:00,150,2.6,False,None,0,62,98,58.1,13,0.8115,True,322.9
TRN-2165,BOXN Goods,Chennai-Hyderabad,2026-06-12 13:10:00,2026-06-12 13:19:00,45,17.0,True,Loop-7,5.9,62,92,48.4,3,0.9024,True,300.3
TRN-2166,BOXN Goods,Vadodara-Surat,2026-06-12 04:51:00,2026-06-12 05:29:00,42,17.2,True,Loop-5,10.5,68,93,36.8,43,0.9641,True,106.4
TRN-2167,BOXN Goods,Delhi-Mumbai,2026-06-10 23:28:00,2026-06-10 23:47:00,43,18.1,True,Loop-4,5.6,63,98,55.6,48,0.963,True,319.4
TRN-2168,Shatabdi,Vadodara-Surat,2026-06-12 08:44:00,2026-06-12 08:59:00,147,2.4,False,None,0,65,88,35.4,38,0.9783,False,320.1
TRN-2169,Vande Bharat,Mumbai-Chennai,2026-06-13 02:19:00,2026-06-13 02:46:00,153,3.1,False,None,0,64,88,37.5,9,0.9884,True,346.5
TRN-2170,Rajdhani,Chennai-Hyderabad,2026-06-12 20:28:00,2026-06-12 20:47:00,130,6.9,False,None,0,70,89,27.1,22,0.9125,True,251.3
TRN-2171,Freight-Heavy,Delhi-Mumbai,2026-06-10 06:38:00,2026-06-10 06:56:00,43,5.2,True,Loop-3,8.1,60,95,58.3,41,0.8702,True,208.9
TRN-2172,Vande Bharat,Vadodara-Surat,2026-06-10 06:38:00,2026-06-10 07:09:00,144,1.6,False,None,0,58,93,60.3,13,0.7838,False,278.1
TRN-2173,BOXN Goods,Mumbai-Chennai,2026-06-11 12:53:00,2026-06-11 13:07:00,46,7.8,True,Loop-2,10.2,67,92,37.3,20,0.9792,True,220.5
TRN-2174,Shatabdi,Delhi-Kolkata,2026-06-13 05:33:00,2026-06-13 05:49:00,137,7.1,False,None,0,63,95,50.8,49,0.8196,True,327.9
TRN-2175,Vande Bharat,Vadodara-Surat,2026-06-12 13:04:00,2026-06-12 13:20:00,124,1.8,False,None,0,61,88,44.3,33,0.8155,True,255.6
TRN-2176,Freight-Heavy,Delhi-Mumbai,2026-06-10 11:06:00,2026-06-10 11:17:00,55,6.4,True,Loop-11,10.4,58,98,69.0,4,0.9248,True,182.7
TRN-2177,Freight-Heavy,Vadodara-Surat,2026-06-11 16:30:00,2026-06-11 16:38:00,39,5.1,False,None,0,68,89,30.9,18,0.9108,True,193.1
TRN-2178,Freight-Bulk,Vadodara-Surat,2026-06-10 20:19:00,2026-06-10 20:34:00,54,2.9,True,Loop-4,9.8,65,91,40.0,34,0.9844,True,190.6
TRN-2179,Vande Bharat,Delhi-Kolkata,2026-06-11 03:53:00,2026-06-11 04:14:00,145,4.0,False,None,0,69,95,37.7,16,0.7806,True,324.9
TRN-2180,Rajdhani,Delhi-Kolkata,2026-06-13 01:27:00,2026-06-13 01:39:00,115,6.2,False,None,0,69,89,29.0,42,0.8285,True,159.9
TRN-2181,Vande Bharat,Delhi-Kolkata,2026-06-12 21:23:00,2026-06-12 21:33:00,116,6.5,False,None,0,62,93,50.0,28,0.9351,False,284.7
TRN-2182,Vande Bharat,Chennai-Hyderabad,2026-06-10 12:15:00,2026-06-10 12:33:00,118,5.3,False,None,0,63,93,47.6,40,0.8363,True,180.6
TRN-2183,Rajdhani,Chennai-Hyderabad,2026-06-12 04:47:00,2026-06-12 05:24:00,117,3.2,False,None,0,62,94,51.6,27,0.9163,True,110.5
TRN-2184,Rajdhani,Chennai-Hyderabad,2026-06-10 14:00:00,2026-06-10 14:38:00,116,3.3,False,None,0,70,97,38.6,12,0.9084,True,245.1
TRN-2185,Freight-Heavy,Delhi-Kolkata,2026-06-10 23:50:00,2026-06-11 00:24:00,50,2.8,True,Loop-1,9.0,59,92,55.9,44,0.8902,True,275.4
TRN-2186,BOXN Goods,Chennai-Hyderabad,2026-06-11 12:34:00,2026-06-11 12:48:00,45,13.0,True,Loop-6,8.6,69,91,31.9,42,0.8608,True,230.8
TRN-2187,Vande Bharat,Mumbai-Chennai,2026-06-10 13:27:00,2026-06-10 14:07:00,151,7.5,False,None,0,65,95,46.2,5,0.9378,True,169.3
TRN-2188,Vande Bharat,Delhi-Mumbai,2026-06-11 19:58:00,2026-06-11 20:30:00,142,1.8,False,None,0,64,91,42.2,30,0.8733,True,103.8
TRN-2189,Freight-Heavy,Chennai-Hyderabad,2026-06-13 02:03:00,2026-06-13 02:42:00,45,3.0,True,Loop-7,2.4,58,89,53.4,36,0.78,False,243.1
TRN-2190,Freight-Bulk,Mumbai-Chennai,2026-06-11 23:35:00,2026-06-12 00:12:00,52,5.2,True,Loop-8,5.3,63,88,39.7,50,0.9101,True,257.4
TRN-2191,Vande Bharat,Delhi-Kolkata,2026-06-12 19:47:00,2026-06-12 20:09:00,116,6.1,False,None,0,58,93,60.3,41,0.9825,True,220.9
TRN-2192,Vande Bharat,Vadodara-Surat,2026-06-10 20:30:00,2026-06-10 21:04:00,120,3.9,False,None,0,59,92,55.9,13,0.8194,True,186.1
TRN-2193,Rajdhani,Vadodara-Surat,2026-06-12 20:24:00,2026-06-12 20:58:00,155,2.7,False,None,0,58,98,69.0,8,0.9422,True,257.8
TRN-2194,Rajdhani,Vadodara-Surat,2026-06-13 02:50:00,2026-06-13 03:01:00,141,0.0,False,None,0,66,94,42.4,31,0.9741,True,325.7
TRN-2195,BOXN Goods,Vadodara-Surat,2026-06-11 05:42:00,2026-06-11 06:10:00,39,2.6,True,Loop-12,9.6,64,94,46.9,18,0.8636,True,159.4
TRN-2196,Rajdhani,Delhi-Kolkata,2026-06-11 00:12:00,2026-06-11 00:52:00,136,4.8,False,None,0,62,96,54.8,46,0.9347,True,138.7
TRN-2197,Freight-Bulk,Vadodara-Surat,2026-06-11 10:37:00,2026-06-11 10:53:00,44,17.2,True,Loop-9,8.9,68,90,32.4,21,0.9292,True,231.8
TRN-2198,BOXN Goods,Delhi-Mumbai,2026-06-12 14:59:00,2026-06-12 15:34:00,52,7.1,True,Loop-7,3.5,66,89,34.8,43,0.7919,True,292.1
TRN-2199,BOXN Goods,Vadodara-Surat,2026-06-11 21:07:00,2026-06-11 21:18:00,43,3.7,True,Loop-1,5.6,62,91,46.8,29,0.8015,True,279.7
TRN-2200,BOXN Goods,Delhi-Mumbai,2026-06-11 12:37:00,2026-06-11 13:00:00,55,14.0,True,Loop-7,5.9,70,92,31.4,44,0.8457,True,83.5
TRN-2201,Rajdhani,Delhi-Kolkata,2026-06-11 16:18:00,2026-06-11 16:54:00,149,7.0,False,None,0,61,98,60.7,49,0.9036,True,133.0
TRN-2202,Shatabdi,Vadodara-Surat,2026-06-11 08:25:00,2026-06-11 08:37:00,138,1.4,False,None,0,60,90,50.0,8,0.8592,True,230.3
TRN-2203,Rajdhani,Mumbai-Chennai,2026-06-10 23:45:00,2026-06-10 23:53:00,147,6.8,False,None,0,63,95,50.8,3,0.8123,True,93.7
TRN-2204,Freight-Heavy,Mumbai-Chennai,2026-06-11 23:07:00,2026-06-11 23:19:00,53,13.8,True,Loop-3,7.2,63,96,52.4,33,0.8135,True,188.9
TRN-2205,Rajdhani,Mumbai-Chennai,2026-06-12 05:42:00,2026-06-12 06:11:00,123,5.3,False,None,0,63,92,46.0,49,0.9098,True,231.6
TRN-2206,Vande Bharat,Vadodara-Surat,2026-06-10 07:12:00,2026-06-10 07:35:00,152,2.8,False,None,0,68,97,42.6,16,0.9814,True,166.7
TRN-2207,Freight-Heavy,Vadodara-Surat,2026-06-10 21:28:00,2026-06-10 21:54:00,43,13.5,False,None,0,66,93,40.9,33,0.8736,False,322.5
TRN-2208,Shatabdi,Vadodara-Surat,2026-06-11 08:17:00,2026-06-11 08:31:00,142,0.7,False,None,0,60,96,60.0,1,0.9117,True,250.0
TRN-2209,BOXN Goods,Delhi-Mumbai,2026-06-11 11:06:00,2026-06-11 11:27:00,48,20.9,True,Loop-12,8.9,69,94,36.2,2,0.8764,True,103.6
TRN-2210,Rajdhani,Delhi-Kolkata,2026-06-10 13:24:00,2026-06-10 13:36:00,160,2.0,False,None,0,67,91,35.8,27,0.8615,True,196.9
TRN-2211,Freight-Heavy,Delhi-Mumbai,2026-06-10 08:18:00,2026-06-10 08:30:00,38,13.4,True,Loop-6,11.3,67,88,31.3,7,0.8409,True,243.8
TRN-2212,Freight-Heavy,Mumbai-Chennai,2026-06-11 20:26:00,2026-06-11 20:35:00,47,9.9,True,Loop-12,5.9,66,91,37.9,35,0.8419,True,160.5
TRN-2213,Vande Bharat,Delhi-Mumbai,2026-06-12 08:56:00,2026-06-12 09:13:00,145,7.0,False,None,0,59,88,49.2,37,0.9053,True,335.7
TRN-2214,Rajdhani,Vadodara-Surat,2026-06-11 23:36:00,2026-06-12 00:06:00,157,5.9,False,None,0,61,94,54.1,10,0.8138,True,305.4
TRN-2215,Vande Bharat,Chennai-Hyderabad,2026-06-11 08:31:00,2026-06-11 08:42:00,121,5.4,False,None,0,70,96,37.1,42,0.8954,True,98.2
TRN-2216,Rajdhani,Mumbai-Chennai,2026-06-10 19:24:00,2026-06-10 19:53:00,156,4.6,False,None,0,63,90,42.9,7,0.8399,False,132.2
TRN-2217,Freight-Heavy,Vadodara-Surat,2026-06-13 00:20:00,2026-06-13 00:47:00,45,15.4,True,Loop-6,10.1,60,97,61.7,28,0.8154,True,292.1
TRN-2218,Shatabdi,Chennai-Hyderabad,2026-06-12 17:32:00,2026-06-12 18:01:00,133,1.1,False,None,0,65,95,46.2,23,0.9427,True,109.4
TRN-2219,Shatabdi,Delhi-Mumbai,2026-06-10 17:11:00,2026-06-10 17:31:00,118,7.1,False,None,0,62,98,58.1,47,0.7958,False,216.9
TRN-2220,Freight-Bulk,Vadodara-Surat,2026-06-10 10:15:00,2026-06-10 10:36:00,53,10.1,True,Loop-9,6.7,66,92,39.4,50,0.8112,True,320.7
TRN-2221,Rajdhani,Vadodara-Surat,2026-06-11 21:43:00,2026-06-11 21:56:00,139,4.0,False,None,0,64,93,45.3,1,0.9192,True,297.8
TRN-2222,Freight-Bulk,Mumbai-Chennai,2026-06-11 04:38:00,2026-06-11 04:57:00,39,11.2,True,Loop-12,9.3,67,98,46.3,23,0.7885,True,142.6
TRN-2223,Shatabdi,Chennai-Hyderabad,2026-06-11 18:05:00,2026-06-11 18:26:00,124,0.3,False,None,0,66,93,40.9,31,0.9728,True,90.8
TRN-2224,Vande Bharat,Vadodara-Surat,2026-06-12 02:14:00,2026-06-12 02:39:00,155,7.7,False,None,0,69,92,33.3,35,0.8997,True,182.2
TRN-2225,Freight-Bulk,Chennai-Hyderabad,2026-06-10 16:37:00,2026-06-10 16:59:00,43,9.4,True,Loop-8,10.9,63,93,47.6,1,0.8854,False,124.7
TRN-2226,Freight-Bulk,Delhi-Mumbai,2026-06-10 16:31:00,2026-06-10 16:48:00,55,7.0,False,None,0,63,97,54.0,43,0.8284,True,274.5
TRN-2227,BOXN Goods,Mumbai-Chennai,2026-06-12 23:44:00,2026-06-13 00:02:00,50,12.0,True,Loop-1,3.3,64,88,37.5,38,0.8138,True,90.6
TRN-2228,Vande Bharat,Vadodara-Surat,2026-06-11 02:03:00,2026-06-11 02:22:00,120,2.1,False,None,0,66,94,42.4,37,0.9139,True,276.6
TRN-2229,Vande Bharat,Mumbai-Chennai,2026-06-11 20:42:00,2026-06-11 21:20:00,123,3.6,False,None,0,65,90,38.5,27,0.9062,True,301.5
TRN-2230,Freight-Bulk,Delhi-Mumbai,2026-06-11 06:49:00,2026-06-11 07:18:00,51,6.6,True,Loop-4,5.8,67,97,44.8,9,0.8028,True,312.1
TRN-2231,BOXN Goods,Delhi-Mumbai,2026-06-13 02:51:00,2026-06-13 03:05:00,48,20.7,False,None,0,67,97,44.8,35,0.8857,False,210.2
TRN-2232,Freight-Bulk,Vadodara-Surat,2026-06-10 23:47:00,2026-06-11 00:22:00,52,20.7,True,Loop-7,4.3,63,88,39.7,31,0.9458,True,239.0
TRN-2233,Freight-Heavy,Vadodara-Surat,2026-06-10 19:20:00,2026-06-10 19:42:00,39,6.4,True,Loop-9,6.1,59,92,55.9,13,0.7811,True,81.9
TRN-2234,Vande Bharat,Chennai-Hyderabad,2026-06-13 05:20:00,2026-06-13 05:41:00,143,0.1,False,None,0,69,93,34.8,24,0.8024,True,238.0
TRN-2235,Freight-Bulk,Chennai-Hyderabad,2026-06-11 17:40:00,2026-06-11 18:05:00,48,14.1,True,Loop-9,9.8,64,91,42.2,31,0.8175,True,210.6
TRN-2236,Freight-Bulk,Mumbai-Chennai,2026-06-11 23:52:00,2026-06-12 00:25:00,46,19.4,True,Loop-8,9.8,68,89,30.9,11,0.8011,True,292.2
TRN-2237,Rajdhani,Mumbai-Chennai,2026-06-10 13:06:00,2026-06-10 13:14:00,134,7.7,False,None,0,70,89,27.1,31,0.9744,True,97.3
TRN-2238,Shatabdi,Vadodara-Surat,2026-06-11 12:16:00,2026-06-11 12:48:00,115,4.9,False,None,0,64,97,51.6,19,0.9294,True,335.3
TRN-2239,BOXN Goods,Delhi-Kolkata,2026-06-11 05:55:00,2026-06-11 06:15:00,50,11.0,True,Loop-4,2.3,70,96,37.1,39,0.8872,True,246.1
TRN-2240,Shatabdi,Chennai-Hyderabad,2026-06-10 10:55:00,2026-06-10 11:13:00,125,5.2,False,None,0,59,92,55.9,23,0.9206,True,134.1
TRN-2241,BOXN Goods,Delhi-Kolkata,2026-06-10 08:05:00,2026-06-10 08:31:00,37,23.0,True,Loop-6,11.6,66,97,47.0,18,0.8275,True,202.8
TRN-2242,Freight-Bulk,Vadodara-Surat,2026-06-12 13:09:00,2026-06-12 13:43:00,35,6.5,True,Loop-5,5.4,66,89,34.8,8,0.9486,True,316.6
TRN-2243,BOXN Goods,Chennai-Hyderabad,2026-06-11 16:09:00,2026-06-11 16:47:00,49,24.2,True,Loop-11,6.6,70,93,32.9,38,0.961,True,149.6
TRN-2244,BOXN Goods,Vadodara-Surat,2026-06-12 10:14:00,2026-06-12 10:36:00,42,16.9,True,Loop-9,2.1,64,93,45.3,17,0.8321,False,261.9
TRN-2245,Vande Bharat,Mumbai-Chennai,2026-06-12 04:41:00,2026-06-12 05:19:00,145,7.5,False,None,0,63,93,47.6,37,0.8365,True,264.4
TRN-2246,Freight-Heavy,Mumbai-Chennai,2026-06-11 07:57:00,2026-06-11 08:20:00,41,5.9,True,Loop-4,10.4,61,91,49.2,23,0.8128,False,328.5
TRN-2247,Freight-Bulk,Delhi-Kolkata,2026-06-13 01:15:00,2026-06-13 01:25:00,35,19.1,True,Loop-8,11.0,63,97,54.0,37,0.9624,True,345.8
TRN-2248,Shatabdi,Chennai-Hyderabad,2026-06-13 03:47:00,2026-06-13 04:03:00,135,1.8,False,None,0,58,96,65.5,31,0.9773,False,173.8
TRN-2249,Freight-Heavy,Mumbai-Chennai,2026-06-11 05:51:00,2026-06-11 06:28:00,38,17.5,False,None,0,58,88,51.7,25,0.902,True,245.5
TRN-2250,Rajdhani,Delhi-Kolkata,2026-06-11 17:27:00,2026-06-11 17:52:00,145,2.1,False,None,0,65,97,49.2,24,0.8186,True,193.2
TRN-2251,Shatabdi,Vadodara-Surat,2026-06-12 08:49:00,2026-06-12 09:08:00,135,2.2,False,None,0,67,90,34.3,44,0.828,False,152.9
TRN-2252,Freight-Bulk,Chennai-Hyderabad,2026-06-11 14:11:00,2026-06-11 14:31:00,48,21.4,False,None,0,69,90,30.4,1,0.8171,True,348.8
TRN-2253,Freight-Bulk,Chennai-Hyderabad,2026-06-13 04:35:00,2026-06-13 05:02:00,45,19.6,False,None,0,67,88,31.3,7,0.925,False,299.7
TRN-2254,BOXN Goods,Vadodara-Surat,2026-06-12 23:03:00,2026-06-12 23:32:00,38,11.2,False,None,0,63,96,52.4,17,0.8523,True,174.8
TRN-2255,Freight-Bulk,Delhi-Kolkata,2026-06-11 09:09:00,2026-06-11 09:28:00,53,16.2,True,Loop-11,7.1,62,93,50.0,50,0.9347,True,182.9
TRN-2256,Freight-Heavy,Vadodara-Surat,2026-06-11 21:07:00,2026-06-11 21:25:00,55,23.9,True,Loop-10,6.0,63,94,49.2,5,0.7966,True,164.6
TRN-2257,BOXN Goods,Vadodara-Surat,2026-06-11 21:46:00,2026-06-11 22:19:00,43,15.1,False,None,0,65,93,43.1,34,0.9828,True,129.6
TRN-2258,Rajdhani,Mumbai-Chennai,2026-06-10 09:09:00,2026-06-10 09:33:00,156,1.9,False,None,0,69,89,29.0,11,0.8634,False,332.9
TRN-2259,Freight-Bulk,Delhi-Kolkata,2026-06-12 22:36:00,2026-06-12 23:09:00,36,0.7,True,Loop-10,3.6,59,89,50.8,42,0.9756,True,141.9
TRN-2260,Freight-Heavy,Delhi-Kolkata,2026-06-11 20:47:00,2026-06-11 21:05:00,55,3.2,False,None,0,68,93,36.8,31,0.8781,True,332.4
TRN-2261,Rajdhani,Vadodara-Surat,2026-06-12 18:44:00,2026-06-12 19:21:00,154,4.3,False,None,0,68,98,44.1,28,0.8899,True,163.6
TRN-2262,Freight-Heavy,Delhi-Kolkata,2026-06-12 05:24:00,2026-06-12 05:37:00,52,5.7,True,Loop-3,5.0,63,94,49.2,1,0.8899,True,116.8
TRN-2263,Freight-Heavy,Delhi-Mumbai,2026-06-11 21:09:00,2026-06-11 21:48:00,52,0.2,True,Loop-7,10.0,65,92,41.5,39,0.8286,False,180.9
TRN-2264,Freight-Bulk,Chennai-Hyderabad,2026-06-12 14:12:00,2026-06-12 14:30:00,48,9.9,True,Loop-4,4.6,68,94,38.2,28,0.9113,True,296.0
TRN-2265,Shatabdi,Delhi-Mumbai,2026-06-11 19:07:00,2026-06-11 19:32:00,151,5.9,False,None,0,64,91,42.2,12,0.8087,False,202.9
TRN-2266,Shatabdi,Mumbai-Chennai,2026-06-12 19:49:00,2026-06-12 20:09:00,154,5.0,False,None,0,63,88,39.7,4,0.9836,False,342.5
TRN-2267,Shatabdi,Mumbai-Chennai,2026-06-11 20:31:00,2026-06-11 20:39:00,118,5.7,False,None,0,61,89,45.9,1,0.8837,True,164.1
TRN-2268,Shatabdi,Mumbai-Chennai,2026-06-13 02:02:00,2026-06-13 02:12:00,139,5.6,False,None,0,63,89,41.3,4,0.836,True,226.7
TRN-2269,Rajdhani,Chennai-Hyderabad,2026-06-11 06:47:00,2026-06-11 06:55:00,126,6.5,False,None,0,59,91,54.2,50,0.9847,True,348.5
TRN-2270,Freight-Heavy,Delhi-Kolkata,2026-06-11 09:11:00,2026-06-11 09:32:00,38,13.0,True,Loop-3,8.3,68,92,35.3,3,0.9364,True,113.0
TRN-2271,BOXN Goods,Mumbai-Chennai,2026-06-12 23:42:00,2026-06-12 23:53:00,44,5.0,True,Loop-11,6.3,61,89,45.9,1,0.8151,True,112.3
TRN-2272,Vande Bharat,Mumbai-Chennai,2026-06-11 15:11:00,2026-06-11 15:49:00,112,4.6,False,None,0,69,97,40.6,24,0.9419,True,215.0
TRN-2273,BOXN Goods,Mumbai-Chennai,2026-06-12 04:12:00,2026-06-12 04:29:00,36,1.5,True,Loop-8,4.3,70,89,27.1,36,0.9456,True,297.5
TRN-2274,BOXN Goods,Delhi-Mumbai,2026-06-12 17:53:00,2026-06-12 18:25:00,41,0.5,True,Loop-8,9.1,60,92,53.3,36,0.8419,True,131.2
TRN-2275,Freight-Bulk,Mumbai-Chennai,2026-06-11 07:28:00,2026-06-11 08:05:00,46,8.1,False,None,0,67,96,43.3,5,0.8915,True,301.2
TRN-2276,Freight-Heavy,Vadodara-Surat,2026-06-12 08:07:00,2026-06-12 08:47:00,35,19.4,True,Loop-6,9.8,60,88,46.7,16,0.8473,False,341.1
TRN-2277,Rajdhani,Delhi-Kolkata,2026-06-12 10:54:00,2026-06-12 11:11:00,143,5.5,False,None,0,67,92,37.3,27,0.9146,False,221.3
TRN-2278,Vande Bharat,Chennai-Hyderabad,2026-06-10 15:06:00,2026-06-10 15:16:00,118,1.4,False,None,0,61,89,45.9,13,0.8007,True,305.8
TRN-2279,Freight-Bulk,Delhi-Mumbai,2026-06-13 00:53:00,2026-06-13 01:17:00,54,17.5,False,None,0,61,97,59.0,1,0.9753,True,212.7
TRN-2280,Freight-Heavy,Vadodara-Surat,2026-06-10 16:55:00,2026-06-10 17:29:00,55,1.5,True,Loop-5,7.3,70,88,25.7,47,0.7948,True,335.0
TRN-2281,Vande Bharat,Vadodara-Surat,2026-06-13 04:55:00,2026-06-13 05:27:00,116,5.8,False,None,0,61,91,49.2,43,0.8322,True,128.3
TRN-2282,BOXN Goods,Chennai-Hyderabad,2026-06-12 14:41:00,2026-06-12 15:11:00,38,19.2,True,Loop-2,3.7,69,98,42.0,12,0.8955,True,257.5
TRN-2283,Shatabdi,Chennai-Hyderabad,2026-06-12 18:29:00,2026-06-12 18:57:00,130,4.4,False,None,0,63,94,49.2,47,0.8479,True,227.3
TRN-2284,Freight-Bulk,Delhi-Mumbai,2026-06-12 09:12:00,2026-06-12 09:48:00,43,9.0,True,Loop-5,8.0,64,88,37.5,34,0.8084,True,81.8
TRN-2285,Rajdhani,Vadodara-Surat,2026-06-11 12:17:00,2026-06-11 12:42:00,130,0.2,False,None,0,66,96,45.5,37,0.9744,True,90.2
TRN-2286,Rajdhani,Delhi-Kolkata,2026-06-12 06:33:00,2026-06-12 06:56:00,118,2.1,False,None,0,61,92,50.8,6,0.8998,True,138.7
TRN-2287,BOXN Goods,Delhi-Mumbai,2026-06-10 16:32:00,2026-06-10 16:51:00,45,19.8,True,Loop-10,8.4,69,97,40.6,3,0.9335,True,101.2
TRN-2288,Shatabdi,Mumbai-Chennai,2026-06-10 13:38:00,2026-06-10 14:13:00,132,7.0,False,None,0,64,89,39.1,48,0.9171,True,83.1
TRN-2289,Vande Bharat,Mumbai-Chennai,2026-06-12 10:13:00,2026-06-12 10:41:00,129,4.2,False,None,0,66,97,47.0,21,0.8855,True,93.6
TRN-2290,Freight-Heavy,Mumbai-Chennai,2026-06-12 11:38:00,2026-06-12 11:51:00,54,14.4,False,None,0,62,94,51.6,9,0.8506,True,281.2
TRN-2291,Shatabdi,Mumbai-Chennai,2026-06-12 12:30:00,2026-06-12 13:05:00,115,3.2,False,None,0,70,90,28.6,31,0.8975,True,256.1
TRN-2292,Freight-Bulk,Delhi-Kolkata,2026-06-11 08:46:00,2026-06-11 09:09:00,54,24.9,False,None,0,62,94,51.6,44,0.9741,False,261.4
TRN-2293,Shatabdi,Delhi-Mumbai,2026-06-12 15:49:00,2026-06-12 16:19:00,132,1.5,False,None,0,67,98,46.3,50,0.844,True,246.4
TRN-2294,Freight-Bulk,Delhi-Mumbai,2026-06-12 18:22:00,2026-06-12 18:44:00,39,11.0,False,None,0,63,90,42.9,8,0.9353,True,247.7
TRN-2295,Shatabdi,Chennai-Hyderabad,2026-06-11 02:09:00,2026-06-11 02:24:00,110,2.7,False,None,0,62,95,53.2,2,0.8497,True,137.2
TRN-2296,Shatabdi,Delhi-Mumbai,2026-06-13 05:26:00,2026-06-13 05:43:00,145,3.9,False,None,0,69,98,42.0,25,0.9024,True,91.7
TRN-2297,Vande Bharat,Delhi-Mumbai,2026-06-11 05:15:00,2026-06-11 05:40:00,128,1.6,False,None,0,58,95,63.8,5,0.8616,True,310.1
TRN-2298,Vande Bharat,Vadodara-Surat,2026-06-12 07:10:00,2026-06-12 07:42:00,111,2.3,False,None,0,61,94,54.1,46,0.8009,True,314.0
TRN-2299,Rajdhani,Delhi-Mumbai,2026-06-10 18:01:00,2026-06-10 18:38:00,122,4.0,False,None,0,66,88,33.3,16,0.9737,True,212.3
TRN-2300,Vande Bharat,Mumbai-Chennai,2026-06-11 03:26:00,2026-06-11 03:56:00,132,5.5,False,None,0,68,92,35.3,33,0.8379,False,149.6
TRN-2301,Vande Bharat,Chennai-Hyderabad,2026-06-12 10:51:00,2026-06-12 11:13:00,145,7.6,False,None,0,60,93,55.0,43,0.8088,True,220.6
TRN-2302,Freight-Heavy,Chennai-Hyderabad,2026-06-11 13:03:00,2026-06-11 13:38:00,42,14.3,True,Loop-9,3.3,67,93,38.8,42,0.8091,True,296.0
TRN-2303,Shatabdi,Vadodara-Surat,2026-06-11 00:51:00,2026-06-11 01:07:00,154,5.6,False,None,0,64,90,40.6,11,0.8467,True,336.1
TRN-2304,Rajdhani,Delhi-Kolkata,2026-06-10 22:09:00,2026-06-10 22:26:00,130,6.7,False,None,0,69,88,27.5,27,0.9819,True,281.3
TRN-2305,Rajdhani,Vadodara-Surat,2026-06-11 19:22:00,2026-06-11 19:38:00,159,1.5,False,None,0,60,88,46.7,40,0.836,True,142.3
TRN-2306,Rajdhani,Mumbai-Chennai,2026-06-11 13:42:00,2026-06-11 13:55:00,153,0.2,False,None,0,69,95,37.7,33,0.9577,True,255.4
TRN-2307,Freight-Heavy,Delhi-Mumbai,2026-06-11 07:07:00,2026-06-11 07:25:00,50,11.8,False,None,0,58,94,62.1,18,0.9795,True,261.3
TRN-2308,Rajdhani,Delhi-Kolkata,2026-06-11 09:41:00,2026-06-11 10:17:00,114,1.4,False,None,0,67,95,41.8,30,0.9664,True,289.6
TRN-2309,BOXN Goods,Delhi-Mumbai,2026-06-12 09:56:00,2026-06-12 10:06:00,45,9.9,True,Loop-4,7.2,65,95,46.2,26,0.9866,False,184.6
TRN-2310,Rajdhani,Chennai-Hyderabad,2026-06-10 12:43:00,2026-06-10 13:10:00,128,3.5,False,None,0,70,92,31.4,11,0.8687,True,94.7
TRN-2311,Rajdhani,Delhi-Mumbai,2026-06-13 04:35:00,2026-06-13 05:11:00,139,6.6,False,None,0,59,96,62.7,12,0.9435,True,268.0
TRN-2312,Freight-Heavy,Chennai-Hyderabad,2026-06-11 00:28:00,2026-06-11 00:37:00,48,8.1,False,None,0,67,91,35.8,6,0.8325,True,324.9
TRN-2313,BOXN Goods,Chennai-Hyderabad,2026-06-11 04:23:00,2026-06-11 04:59:00,38,2.3,True,Loop-12,9.9,59,96,62.7,33,0.9085,True,228.6
TRN-2314,Rajdhani,Mumbai-Chennai,2026-06-10 11:59:00,2026-06-10 12:16:00,131,4.5,False,None,0,60,90,50.0,50,0.9295,True,163.6
TRN-2315,Shatabdi,Vadodara-Surat,2026-06-12 18:55:00,2026-06-12 19:11:00,150,1.4,False,None,0,61,88,44.3,49,0.8332,True,311.0
TRN-2316,Freight-Bulk,Vadodara-Surat,2026-06-10 06:47:00,2026-06-10 07:25:00,50,5.9,True,Loop-10,2.1,65,89,36.9,36,0.8384,True,301.4
TRN-2317,Vande Bharat,Delhi-Mumbai,2026-06-11 10:20:00,2026-06-11 10:50:00,121,1.2,False,None,0,58,90,55.2,43,0.9014,True,169.4
TRN-2318,Vande Bharat,Delhi-Kolkata,2026-06-10 17:58:00,2026-06-10 18:17:00,116,3.3,False,None,0,60,98,63.3,40,0.9188,True,234.5
TRN-2319,Freight-Heavy,Delhi-Kolkata,2026-06-11 06:13:00,2026-06-11 06:23:00,53,9.0,False,None,0,62,93,50.0,25,0.9523,True,307.7
TRN-2320,Shatabdi,Chennai-Hyderabad,2026-06-10 14:51:00,2026-06-10 15:16:00,140,1.1,False,None,0,63,96,52.4,34,0.8241,True,95.7
TRN-2321,Freight-Heavy,Vadodara-Surat,2026-06-10 17:58:00,2026-06-10 18:24:00,54,23.3,True,Loop-10,12.0,63,92,46.0,23,0.9747,True,214.0
TRN-2322,Freight-Heavy,Delhi-Mumbai,2026-06-13 01:57:00,2026-06-13 02:19:00,40,22.1,True,Loop-1,6.6,61,88,44.3,8,0.9349,True,246.1
TRN-2323,Freight-Heavy,Delhi-Kolkata,2026-06-12 14:36:00,2026-06-12 14:57:00,36,8.3,False,None,0,61,92,50.8,5,0.8446,True,167.5
TRN-2324,Vande Bharat,Vadodara-Surat,2026-06-10 06:50:00,2026-06-10 07:23:00,153,2.7,False,None,0,69,97,40.6,2,0.9547,True,305.1
TRN-2325,Freight-Heavy,Delhi-Kolkata,2026-06-12 23:24:00,2026-06-13 00:02:00,36,16.1,False,None,0,65,96,47.7,30,0.9446,True,280.5
TRN-2326,Shatabdi,Delhi-Mumbai,2026-06-13 05:08:00,2026-06-13 05:36:00,146,5.8,False,None,0,66,96,45.5,14,0.9013,True,327.4
TRN-2327,Vande Bharat,Vadodara-Surat,2026-06-12 06:16:00,2026-06-12 06:25:00,119,2.2,False,None,0,63,94,49.2,11,0.8999,True,240.7
TRN-2328,BOXN Goods,Delhi-Kolkata,2026-06-12 00:05:00,2026-06-12 00:30:00,45,17.7,True,Loop-8,10.3,65,91,40.0,20,0.8254,True,110.3
TRN-2329,Rajdhani,Vadodara-Surat,2026-06-10 11:06:00,2026-06-10 11:15:00,115,3.6,False,None,0,70,95,35.7,10,0.8199,True,277.8
TRN-2330,Shatabdi,Mumbai-Chennai,2026-06-13 05:29:00,2026-06-13 05:43:00,159,2.6,False,None,0,66,98,48.5,14,0.9322,True,272.7
TRN-2331,Vande Bharat,Delhi-Mumbai,2026-06-13 05:19:00,2026-06-13 05:29:00,110,2.5,False,None,0,68,97,42.6,22,0.878,False,220.6
TRN-2332,Vande Bharat,Mumbai-Chennai,2026-06-12 00:39:00,2026-06-12 01:00:00,146,6.1,False,None,0,63,91,44.4,19,0.8381,True,199.1
TRN-2333,Shatabdi,Vadodara-Surat,2026-06-10 22:03:00,2026-06-10 22:18:00,119,1.3,False,None,0,58,97,67.2,33,0.8015,True,228.3
TRN-2334,Rajdhani,Delhi-Kolkata,2026-06-11 19:00:00,2026-06-11 19:23:00,155,6.4,False,None,0,60,89,48.3,40,0.9674,True,93.7
TRN-2335,Freight-Heavy,Vadodara-Surat,2026-06-10 09:57:00,2026-06-10 10:08:00,36,2.6,False,None,0,64,90,40.6,38,0.9122,True,200.4
TRN-2336,Shatabdi,Vadodara-Surat,2026-06-12 06:33:00,2026-06-12 06:46:00,131,6.5,False,None,0,70,95,35.7,9,0.7995,True,268.6
TRN-2337,Freight-Heavy,Vadodara-Surat,2026-06-10 19:16:00,2026-06-10 19:53:00,44,17.1,True,Loop-5,11.1,61,90,47.5,26,0.8185,True,169.2
TRN-2338,Freight-Heavy,Mumbai-Chennai,2026-06-12 02:20:00,2026-06-12 02:58:00,50,0.8,False,None,0,65,95,46.2,19,0.9413,True,114.4
TRN-2339,Freight-Heavy,Chennai-Hyderabad,2026-06-10 20:03:00,2026-06-10 20:15:00,38,8.1,True,Loop-10,6.1,66,95,43.9,40,0.8312,True,210.2
TRN-2340,Shatabdi,Vadodara-Surat,2026-06-10 15:01:00,2026-06-10 15:36:00,123,6.5,False,None,0,70,94,34.3,22,0.8944,True,258.9
TRN-2341,BOXN Goods,Vadodara-Surat,2026-06-10 16:38:00,2026-06-10 16:53:00,53,20.9,True,Loop-2,10.2,65,93,43.1,12,0.8447,True,241.5
TRN-2342,Shatabdi,Mumbai-Chennai,2026-06-12 09:44:00,2026-06-12 09:55:00,141,5.2,False,None,0,59,91,54.2,38,0.9697,True,80.0
TRN-2343,BOXN Goods,Mumbai-Chennai,2026-06-11 02:01:00,2026-06-11 02:27:00,39,11.3,True,Loop-4,8.8,67,95,41.8,21,0.8429,True,263.5
TRN-2344,BOXN Goods,Mumbai-Chennai,2026-06-12 17:21:00,2026-06-12 17:29:00,46,24.8,True,Loop-5,2.6,66,94,42.4,36,0.9833,False,231.2
TRN-2345,Vande Bharat,Chennai-Hyderabad,2026-06-12 07:02:00,2026-06-12 07:25:00,128,6.9,False,None,0,64,97,51.6,41,0.8468,True,183.0
TRN-2346,BOXN Goods,Mumbai-Chennai,2026-06-11 10:50:00,2026-06-11 11:10:00,40,11.9,True,Loop-5,12.0,63,94,49.2,43,0.8064,False,255.1
TRN-2347,BOXN Goods,Chennai-Hyderabad,2026-06-11 01:39:00,2026-06-11 01:55:00,50,16.4,False,None,0,68,94,38.2,45,0.9069,True,128.5
TRN-2348,Freight-Heavy,Vadodara-Surat,2026-06-13 03:33:00,2026-06-13 04:05:00,52,20.5,True,Loop-1,7.8,60,94,56.7,47,0.8297,True,190.9
TRN-2349,Vande Bharat,Chennai-Hyderabad,2026-06-12 08:06:00,2026-06-12 08:37:00,112,4.5,False,None,0,59,97,64.4,45,0.7968,True,222.1
TRN-2350,Freight-Heavy,Delhi-Mumbai,2026-06-11 20:09:00,2026-06-11 20:22:00,51,2.0,False,None,0,68,98,44.1,44,0.9131,True,164.4
TRN-2351,Shatabdi,Chennai-Hyderabad,2026-06-10 13:12:00,2026-06-10 13:50:00,144,6.2,False,None,0,65,96,47.7,37,0.9341,True,339.4
TRN-2352,Shatabdi,Delhi-Kolkata,2026-06-11 22:13:00,2026-06-11 22:40:00,120,0.3,False,None,0,69,97,40.6,4,0.9122,True,234.7
TRN-2353,BOXN Goods,Delhi-Kolkata,2026-06-11 21:50:00,2026-06-11 22:29:00,54,0.7,False,None,0,66,89,34.8,17,0.8078,True,311.6
TRN-2354,BOXN Goods,Delhi-Kolkata,2026-06-10 07:56:00,2026-06-10 08:13:00,38,15.1,True,Loop-12,4.4,63,90,42.9,12,0.9479,True,172.6
TRN-2355,Rajdhani,Chennai-Hyderabad,2026-06-10 17:31:00,2026-06-10 17:48:00,148,7.5,False,None,0,65,94,44.6,16,0.9187,True,125.2
TRN-2356,Vande Bharat,Chennai-Hyderabad,2026-06-12 05:06:00,2026-06-12 05:21:00,151,2.1,False,None,0,58,90,55.2,26,0.88,True,336.0
TRN-2357,Freight-Heavy,Delhi-Kolkata,2026-06-11 13:54:00,2026-06-11 14:11:00,47,11.9,True,Loop-8,5.8,64,88,37.5,21,0.982,True,91.1
TRN-2358,Freight-Heavy,Delhi-Kolkata,2026-06-12 06:18:00,2026-06-12 06:43:00,54,23.0,False,None,0,62,89,43.5,42,0.9027,True,262.3
TRN-2359,BOXN Goods,Vadodara-Surat,2026-06-11 15:00:00,2026-06-11 15:29:00,53,19.3,True,Loop-1,8.7,60,93,55.0,5,0.7825,False,108.1
TRN-2360,Shatabdi,Delhi-Mumbai,2026-06-12 18:53:00,2026-06-12 19:17:00,124,5.8,False,None,0,61,88,44.3,40,0.7993,True,257.3
TRN-2361,Freight-Bulk,Chennai-Hyderabad,2026-06-11 11:36:00,2026-06-11 11:51:00,55,3.0,False,None,0,67,90,34.3,43,0.9404,True,296.9
TRN-2362,Vande Bharat,Delhi-Mumbai,2026-06-11 07:13:00,2026-06-11 07:39:00,154,1.5,False,None,0,65,98,50.8,41,0.8752,True,287.7
TRN-2363,Shatabdi,Chennai-Hyderabad,2026-06-12 02:09:00,2026-06-12 02:34:00,120,6.2,False,None,0,70,88,25.7,25,0.8499,False,338.0
TRN-2364,Rajdhani,Mumbai-Chennai,2026-06-11 18:08:00,2026-06-11 18:28:00,138,0.6,False,None,0,67,94,40.3,42,0.8833,False,287.6
TRN-2365,Freight-Bulk,Delhi-Mumbai,2026-06-11 11:49:00,2026-06-11 12:25:00,55,2.7,True,Loop-2,7.7,59,88,49.2,17,0.9432,False,214.4
TRN-2366,Vande Bharat,Chennai-Hyderabad,2026-06-10 06:07:00,2026-06-10 06:24:00,152,3.1,False,None,0,69,93,34.8,37,0.7808,True,288.2
TRN-2367,Freight-Heavy,Chennai-Hyderabad,2026-06-12 23:16:00,2026-06-12 23:28:00,47,21.1,True,Loop-2,7.7,58,94,62.1,23,0.85,True,94.9
TRN-2368,Shatabdi,Delhi-Kolkata,2026-06-10 18:22:00,2026-06-10 18:51:00,144,6.8,False,None,0,59,95,61.0,42,0.8227,True,341.2
TRN-2369,Shatabdi,Chennai-Hyderabad,2026-06-11 08:04:00,2026-06-11 08:18:00,154,3.1,False,None,0,68,93,36.8,6,0.9659,True,131.2
TRN-2370,Rajdhani,Delhi-Mumbai,2026-06-10 10:52:00,2026-06-10 11:15:00,111,5.8,False,None,0,65,94,44.6,35,0.9151,True,340.5
TRN-2371,Vande Bharat,Chennai-Hyderabad,2026-06-12 19:20:00,2026-06-12 19:49:00,112,2.7,False,None,0,70,88,25.7,8,0.8245,True,221.2
TRN-2372,BOXN Goods,Delhi-Mumbai,2026-06-11 02:20:00,2026-06-11 02:32:00,53,5.8,False,None,0,60,95,58.3,31,0.9705,True,145.5
TRN-2373,Vande Bharat,Chennai-Hyderabad,2026-06-10 23:49:00,2026-06-11 00:16:00,121,5.1,False,None,0,70,89,27.1,40,0.8158,True,300.8
TRN-2374,Vande Bharat,Chennai-Hyderabad,2026-06-10 20:31:00,2026-06-10 20:53:00,141,4.8,False,None,0,59,91,54.2,22,0.9504,True,263.2
TRN-2375,Vande Bharat,Delhi-Mumbai,2026-06-12 02:16:00,2026-06-12 02:32:00,153,4.6,False,None,0,63,91,44.4,38,0.8164,False,154.0
TRN-2376,Rajdhani,Vadodara-Surat,2026-06-12 14:40:00,2026-06-12 14:58:00,154,3.0,False,None,0,65,91,40.0,3,0.808,True,250.7
TRN-2377,Rajdhani,Mumbai-Chennai,2026-06-12 09:21:00,2026-06-12 09:34:00,111,7.0,False,None,0,58,88,51.7,6,0.9284,True,156.6
TRN-2378,BOXN Goods,Mumbai-Chennai,2026-06-12 22:59:00,2026-06-12 23:24:00,39,5.2,True,Loop-10,8.9,64,91,42.2,39,0.8178,True,336.6
TRN-2379,Shatabdi,Vadodara-Surat,2026-06-11 23:07:00,2026-06-11 23:30:00,136,0.0,False,None,0,61,89,45.9,7,0.91,True,346.4
TRN-2380,Rajdhani,Mumbai-Chennai,2026-06-13 03:17:00,2026-06-13 03:38:00,139,6.2,False,None,0,62,88,41.9,8,0.9473,True,341.5
TRN-2381,Freight-Heavy,Mumbai-Chennai,2026-06-12 22:46:00,2026-06-12 22:56:00,40,4.0,False,None,0,63,92,46.0,28,0.8328,True,320.3
TRN-2382,Vande Bharat,Chennai-Hyderabad,2026-06-12 19:52:00,2026-06-12 20:11:00,116,5.9,False,None,0,60,88,46.7,33,0.8044,True,274.8
TRN-2383,Freight-Heavy,Mumbai-Chennai,2026-06-12 02:30:00,2026-06-12 02:58:00,41,18.7,False,None,0,59,93,57.6,7,0.8298,True,134.0
TRN-2384,Vande Bharat,Mumbai-Chennai,2026-06-11 12:07:00,2026-06-11 12:18:00,140,4.7,False,None,0,64,90,40.6,40,0.8755,True,116.8
TRN-2385,BOXN Goods,Delhi-Mumbai,2026-06-11 08:30:00,2026-06-11 08:50:00,46,24.4,False,None,0,58,97,67.2,18,0.8087,True,203.8
TRN-2386,Shatabdi,Vadodara-Surat,2026-06-11 05:22:00,2026-06-11 05:40:00,124,7.1,False,None,0,70,98,40.0,11,0.9014,True,142.0
TRN-2387,Freight-Bulk,Delhi-Mumbai,2026-06-12 14:12:00,2026-06-12 14:33:00,50,21.6,True,Loop-12,6.3,65,92,41.5,16,0.832,True,140.0
TRN-2388,Freight-Bulk,Delhi-Mumbai,2026-06-11 02:20:00,2026-06-11 02:30:00,35,10.4,False,None,0,65,96,47.7,28,0.8915,True,295.5
TRN-2389,Freight-Heavy,Mumbai-Chennai,2026-06-10 19:22:00,2026-06-10 19:30:00,50,6.0,True,Loop-6,5.0,64,91,42.2,42,0.9898,False,260.6
TRN-2390,BOXN Goods,Chennai-Hyderabad,2026-06-11 04:05:00,2026-06-11 04:14:00,49,21.4,True,Loop-3,9.9,65,90,38.5,24,0.9116,True,80.4
TRN-2391,Freight-Heavy,Vadodara-Surat,2026-06-10 15:39:00,2026-06-10 16:05:00,45,13.3,True,Loop-10,9.9,62,97,56.5,44,0.797,True,278.7
TRN-2392,Freight-Bulk,Delhi-Mumbai,2026-06-10 13:29:00,2026-06-10 13:44:00,46,22.2,True,Loop-6,5.7,65,97,49.2,42,0.8973,False,271.5
TRN-2393,Rajdhani,Vadodara-Surat,2026-06-11 09:57:00,2026-06-11 10:12:00,131,1.9,False,None,0,68,95,39.7,45,0.8241,True,140.9
TRN-2394,Shatabdi,Delhi-Kolkata,2026-06-12 06:09:00,2026-06-12 06:34:00,142,5.4,False,None,0,58,89,53.4,23,0.875,True,304.0
TRN-2395,BOXN Goods,Delhi-Mumbai,2026-06-12 22:11:00,2026-06-12 22:37:00,52,17.0,True,Loop-4,10.9,63,98,55.6,30,0.7983,True,128.3
TRN-2396,Vande Bharat,Mumbai-Chennai,2026-06-10 16:30:00,2026-06-10 16:47:00,120,2.2,False,None,0,65,90,38.5,34,0.9799,False,192.5
TRN-2397,Freight-Heavy,Mumbai-Chennai,2026-06-11 00:01:00,2026-06-11 00:10:00,46,10.5,False,None,0,59,88,49.2,34,0.9154,True,172.6
TRN-2398,Freight-Heavy,Delhi-Kolkata,2026-06-12 02:33:00,2026-06-12 03:09:00,53,16.6,True,Loop-3,9.9,67,90,34.3,15,0.8817,True,287.8
TRN-2399,Rajdhani,Vadodara-Surat,2026-06-10 12:27:00,2026-06-10 12:45:00,132,2.3,False,None,0,67,90,34.3,19,0.8183,True,271.2
TRN-2400,Rajdhani,Chennai-Hyderabad,2026-06-11 02:57:00,2026-06-11 03:25:00,125,0.9,False,None,0,67,90,34.3,17,0.8576,True,270.9
TRN-2401,Shatabdi,Delhi-Mumbai,2026-06-12 01:16:00,2026-06-12 01:34:00,119,3.0,False,None,0,66,92,39.4,2,0.865,True,119.3
TRN-2402,Shatabdi,Delhi-Kolkata,2026-06-12 20:32:00,2026-06-12 21:12:00,119,0.0,False,None,0,63,98,55.6,31,0.9682,True,283.6
TRN-2403,Freight-Bulk,Vadodara-Surat,2026-06-11 02:04:00,2026-06-11 02:19:00,49,8.5,True,Loop-2,5.1,58,90,55.2,26,0.9097,True,176.5
TRN-2404,Vande Bharat,Mumbai-Chennai,2026-06-12 02:33:00,2026-06-12 02:55:00,148,5.1,False,None,0,70,92,31.4,2,0.7976,True,262.8
TRN-2405,Freight-Bulk,Delhi-Kolkata,2026-06-10 17:55:00,2026-06-10 18:23:00,47,4.9,True,Loop-7,3.5,66,88,33.3,28,0.8576,True,156.9
TRN-2406,Shatabdi,Chennai-Hyderabad,2026-06-12 05:58:00,2026-06-12 06:11:00,138,7.0,False,None,0,61,95,55.7,29,0.8406,True,342.0
TRN-2407,BOXN Goods,Vadodara-Surat,2026-06-12 15:52:00,2026-06-12 16:05:00,48,3.5,False,None,0,62,95,53.2,22,0.7939,True,284.2
TRN-2408,Vande Bharat,Vadodara-Surat,2026-06-10 18:04:00,2026-06-10 18:29:00,136,5.1,False,None,0,64,90,40.6,30,0.9292,True,117.0
TRN-2409,Freight-Heavy,Delhi-Kolkata,2026-06-11 07:23:00,2026-06-11 07:33:00,44,13.8,True,Loop-8,7.6,62,97,56.5,30,0.8271,True,121.6
TRN-2410,BOXN Goods,Mumbai-Chennai,2026-06-11 22:58:00,2026-06-11 23:24:00,55,11.8,True,Loop-1,3.2,65,98,50.8,18,0.8835,True,241.7
TRN-2411,Freight-Bulk,Delhi-Kolkata,2026-06-12 07:23:00,2026-06-12 07:47:00,50,14.1,True,Loop-9,9.3,65,89,36.9,2,0.9575,True,95.8
TRN-2412,Freight-Heavy,Delhi-Kolkata,2026-06-12 01:38:00,2026-06-12 01:49:00,39,8.9,False,None,0,64,98,53.1,4,0.8409,True,332.8
TRN-2413,Rajdhani,Vadodara-Surat,2026-06-13 04:09:00,2026-06-13 04:23:00,159,5.0,False,None,0,67,90,34.3,21,0.9632,True,264.9
TRN-2414,Shatabdi,Vadodara-Surat,2026-06-11 23:06:00,2026-06-11 23:37:00,153,5.6,False,None,0,59,96,62.7,23,0.9529,False,219.9
TRN-2415,Freight-Heavy,Mumbai-Chennai,2026-06-12 08:55:00,2026-06-12 09:13:00,48,8.5,False,None,0,60,96,60.0,13,0.947,True,266.2
TRN-2416,Freight-Bulk,Mumbai-Chennai,2026-06-13 05:46:00,2026-06-13 06:01:00,52,17.6,True,Loop-1,6.8,59,89,50.8,20,0.9251,False,199.3
TRN-2417,Shatabdi,Mumbai-Chennai,2026-06-13 05:25:00,2026-06-13 05:34:00,121,5.7,False,None,0,69,89,29.0,9,0.9599,False,141.2
TRN-2418,Rajdhani,Delhi-Mumbai,2026-06-10 23:06:00,2026-06-10 23:41:00,118,7.8,False,None,0,69,89,29.0,2,0.9427,True,91.5
TRN-2419,Vande Bharat,Delhi-Kolkata,2026-06-10 20:43:00,2026-06-10 20:54:00,160,5.3,False,None,0,65,89,36.9,3,0.7939,True,283.7
TRN-2420,Freight-Bulk,Delhi-Mumbai,2026-06-10 22:54:00,2026-06-10 23:14:00,41,14.7,False,None,0,63,88,39.7,10,0.9576,True,336.2
TRN-2421,Shatabdi,Delhi-Mumbai,2026-06-12 05:29:00,2026-06-12 05:52:00,120,6.8,False,None,0,66,97,47.0,7,0.9521,True,222.8
TRN-2422,Shatabdi,Mumbai-Chennai,2026-06-11 08:09:00,2026-06-11 08:17:00,120,7.2,False,None,0,69,89,29.0,33,0.9588,True,268.5
TRN-2423,Freight-Heavy,Vadodara-Surat,2026-06-11 07:16:00,2026-06-11 07:46:00,38,4.5,True,Loop-4,6.1,64,91,42.2,49,0.9868,False,109.8
TRN-2424,Freight-Heavy,Chennai-Hyderabad,2026-06-11 00:33:00,2026-06-11 00:43:00,46,17.6,False,None,0,65,89,36.9,19,0.876,True,265.5
TRN-2425,Rajdhani,Chennai-Hyderabad,2026-06-12 18:36:00,2026-06-12 19:11:00,145,3.3,False,None,0,61,89,45.9,44,0.8572,False,262.0
TRN-2426,Freight-Heavy,Vadodara-Surat,2026-06-10 20:21:00,2026-06-10 20:34:00,49,13.1,False,None,0,64,94,46.9,7,0.9357,True,125.6
TRN-2427,Rajdhani,Chennai-Hyderabad,2026-06-12 07:39:00,2026-06-12 08:12:00,131,1.6,False,None,0,59,91,54.2,47,0.8848,True,286.8
TRN-2428,BOXN Goods,Mumbai-Chennai,2026-06-11 19:16:00,2026-06-11 19:49:00,47,8.9,True,Loop-8,3.1,66,92,39.4,17,0.8828,True,334.4
TRN-2429,Vande Bharat,Delhi-Mumbai,2026-06-10 10:03:00,2026-06-10 10:15:00,157,0.4,False,None,0,65,98,50.8,12,0.8604,True,121.2
TRN-2430,Vande Bharat,Mumbai-Chennai,2026-06-10 19:09:00,2026-06-10 19:48:00,152,6.0,False,None,0,70,95,35.7,19,0.919,True,150.6
TRN-2431,Freight-Bulk,Chennai-Hyderabad,2026-06-12 04:54:00,2026-06-12 05:04:00,52,0.4,True,Loop-6,10.5,59,94,59.3,29,0.8765,False,230.3
TRN-2432,BOXN Goods,Delhi-Mumbai,2026-06-11 23:22:00,2026-06-11 23:38:00,40,12.3,False,None,0,64,95,48.4,37,0.9218,True,265.1
TRN-2433,Freight-Heavy,Vadodara-Surat,2026-06-12 22:08:00,2026-06-12 22:48:00,52,21.4,False,None,0,62,95,53.2,25,0.9096,True,344.0
TRN-2434,Vande Bharat,Vadodara-Surat,2026-06-12 01:45:00,2026-06-12 02:01:00,111,4.7,False,None,0,63,93,47.6,2,0.9407,True,182.8
TRN-2435,Shatabdi,Mumbai-Chennai,2026-06-12 16:27:00,2026-06-12 16:38:00,132,3.3,False,None,0,68,91,33.8,16,0.9161,True,325.8
TRN-2436,Shatabdi,Delhi-Mumbai,2026-06-10 14:56:00,2026-06-10 15:05:00,117,2.7,False,None,0,66,93,40.9,30,0.9181,True,219.0
TRN-2437,Shatabdi,Vadodara-Surat,2026-06-12 15:30:00,2026-06-12 15:39:00,111,5.6,False,None,0,63,94,49.2,25,0.8477,False,211.9
TRN-2438,Shatabdi,Delhi-Kolkata,2026-06-11 10:06:00,2026-06-11 10:35:00,141,4.0,False,None,0,60,97,61.7,24,0.9836,True,251.6
TRN-2439,Freight-Bulk,Mumbai-Chennai,2026-06-10 16:17:00,2026-06-10 16:28:00,41,7.2,False,None,0,67,94,40.3,40,0.936,False,307.9
TRN-2440,Freight-Bulk,Delhi-Kolkata,2026-06-10 18:56:00,2026-06-10 19:34:00,45,6.8,True,Loop-9,10.0,63,89,41.3,28,0.9193,True,191.9
TRN-2441,Freight-Bulk,Mumbai-Chennai,2026-06-11 16:18:00,2026-06-11 16:37:00,51,11.3,True,Loop-10,7.0,68,96,41.2,43,0.982,True,206.2
TRN-2442,Freight-Bulk,Mumbai-Chennai,2026-06-12 17:13:00,2026-06-12 17:33:00,55,1.5,True,Loop-12,8.9,60,91,51.7,20,0.9573,True,312.3
TRN-2443,BOXN Goods,Delhi-Kolkata,2026-06-10 14:47:00,2026-06-10 15:12:00,41,21.1,True,Loop-11,8.0,68,90,32.4,26,0.8301,False,87.5
TRN-2444,Freight-Heavy,Mumbai-Chennai,2026-06-12 00:23:00,2026-06-12 00:58:00,50,14.0,True,Loop-5,3.4,58,91,56.9,17,0.9458,True,228.7
TRN-2445,BOXN Goods,Vadodara-Surat,2026-06-10 11:45:00,2026-06-10 11:56:00,50,19.6,True,Loop-5,10.7,59,93,57.6,27,0.9683,True,319.1
TRN-2446,BOXN Goods,Vadodara-Surat,2026-06-12 12:11:00,2026-06-12 12:51:00,39,5.9,True,Loop-9,4.5,66,98,48.5,6,0.83,False,297.8
TRN-2447,Freight-Bulk,Delhi-Mumbai,2026-06-12 02:57:00,2026-06-12 03:20:00,47,20.1,True,Loop-3,4.1,61,90,47.5,18,0.8723,True,239.2
TRN-2448,Freight-Bulk,Mumbai-Chennai,2026-06-13 00:57:00,2026-06-13 01:12:00,46,17.5,False,None,0,64,95,48.4,18,0.9647,True,178.0
TRN-2449,Shatabdi,Delhi-Mumbai,2026-06-12 08:12:00,2026-06-12 08:22:00,111,5.2,False,None,0,69,98,42.0,45,0.9727,True,148.3
TRN-2450,Shatabdi,Delhi-Mumbai,2026-06-12 10:31:00,2026-06-12 11:02:00,150,7.7,False,None,0,70,98,40.0,35,0.9621,True,184.9
TRN-2451,Shatabdi,Mumbai-Chennai,2026-06-12 11:39:00,2026-06-12 12:02:00,129,0.7,False,None,0,62,91,46.8,29,0.9126,True,287.0
TRN-2452,Vande Bharat,Delhi-Kolkata,2026-06-12 13:28:00,2026-06-12 14:07:00,127,6.9,False,None,0,65,94,44.6,46,0.8687,True,107.1
TRN-2453,BOXN Goods,Delhi-Kolkata,2026-06-11 03:53:00,2026-06-11 04:23:00,43,12.7,True,Loop-8,9.0,69,96,39.1,49,0.7909,True,250.1
TRN-2454,Vande Bharat,Delhi-Mumbai,2026-06-11 00:34:00,2026-06-11 01:01:00,135,1.6,False,None,0,63,97,54.0,8,0.8131,True,341.8
TRN-2455,Freight-Bulk,Delhi-Kolkata,2026-06-10 23:45:00,2026-06-11 00:13:00,48,19.8,True,Loop-3,8.9,69,90,30.4,21,0.9479,True,191.9
TRN-2456,Freight-Heavy,Vadodara-Surat,2026-06-11 06:50:00,2026-06-11 07:12:00,47,23.6,False,None,0,58,96,65.5,41,0.828,False,204.9
TRN-2457,BOXN Goods,Delhi-Kolkata,2026-06-11 17:44:00,2026-06-11 18:19:00,40,1.2,True,Loop-3,11.5,60,89,48.3,8,0.783,True,288.8
TRN-2458,BOXN Goods,Delhi-Kolkata,2026-06-12 19:56:00,2026-06-12 20:17:00,50,3.0,False,None,0,70,92,31.4,48,0.8838,False,311.2
TRN-2459,Shatabdi,Mumbai-Chennai,2026-06-11 11:25:00,2026-06-11 11:59:00,156,5.4,False,None,0,60,94,56.7,2,0.8409,True,246.8
TRN-2460,Shatabdi,Chennai-Hyderabad,2026-06-11 15:54:00,2026-06-11 16:31:00,147,5.5,False,None,0,59,88,49.2,9,0.963,True,187.3
TRN-2461,BOXN Goods,Delhi-Mumbai,2026-06-11 10:58:00,2026-06-11 11:22:00,47,17.7,False,None,0,66,88,33.3,22,0.9755,True,175.7
TRN-2462,Vande Bharat,Delhi-Kolkata,2026-06-10 12:12:00,2026-06-10 12:44:00,126,4.0,False,None,0,62,94,51.6,9,0.9833,True,236.7
TRN-2463,Rajdhani,Delhi-Mumbai,2026-06-11 17:32:00,2026-06-11 18:01:00,142,3.9,False,None,0,65,90,38.5,21,0.9292,True,150.3
TRN-2464,Vande Bharat,Chennai-Hyderabad,2026-06-12 00:46:00,2026-06-12 01:11:00,118,4.0,False,None,0,69,93,34.8,19,0.9696,True,304.0
TRN-2465,Freight-Bulk,Vadodara-Surat,2026-06-11 18:00:00,2026-06-11 18:18:00,45,10.9,False,None,0,65,90,38.5,43,0.9137,True,131.0
TRN-2466,Rajdhani,Chennai-Hyderabad,2026-06-10 13:27:00,2026-06-10 13:51:00,121,0.3,False,None,0,60,95,58.3,8,0.989,True,91.0
TRN-2467,BOXN Goods,Delhi-Mumbai,2026-06-12 06:40:00,2026-06-12 07:19:00,52,12.1,False,None,0,69,90,30.4,23,0.7997,True,128.8
TRN-2468,BOXN Goods,Vadodara-Surat,2026-06-11 04:58:00,2026-06-11 05:19:00,51,20.6,True,Loop-3,6.2,58,96,65.5,5,0.8317,True,105.5
TRN-2469,Vande Bharat,Vadodara-Surat,2026-06-12 02:52:00,2026-06-12 03:07:00,128,5.5,False,None,0,64,93,45.3,7,0.9558,True,101.9
TRN-2470,Freight-Heavy,Vadodara-Surat,2026-06-12 23:30:00,2026-06-12 23:38:00,55,23.9,False,None,0,58,98,69.0,29,0.8482,True,278.3
TRN-2471,Rajdhani,Delhi-Mumbai,2026-06-10 23:39:00,2026-06-11 00:05:00,113,6.4,False,None,0,63,88,39.7,36,0.9799,True,187.7
TRN-2472,Rajdhani,Mumbai-Chennai,2026-06-11 06:18:00,2026-06-11 06:31:00,159,6.9,False,None,0,58,91,56.9,25,0.9437,True,283.2
TRN-2473,Vande Bharat,Vadodara-Surat,2026-06-11 03:02:00,2026-06-11 03:37:00,129,3.9,False,None,0,69,92,33.3,9,0.8554,False,179.2
TRN-2474,Freight-Heavy,Delhi-Mumbai,2026-06-11 09:17:00,2026-06-11 09:55:00,49,22.1,False,None,0,67,94,40.3,49,0.8687,True,130.3
TRN-2475,Vande Bharat,Mumbai-Chennai,2026-06-12 16:09:00,2026-06-12 16:46:00,112,4.1,False,None,0,68,91,33.8,32,0.8907,True,102.7
TRN-2476,Freight-Heavy,Delhi-Kolkata,2026-06-12 21:55:00,2026-06-12 22:33:00,37,22.7,False,None,0,60,98,63.3,16,0.8898,True,92.9
TRN-2477,Vande Bharat,Chennai-Hyderabad,2026-06-10 16:26:00,2026-06-10 17:01:00,142,0.9,False,None,0,64,89,39.1,43,0.9313,True,176.0
TRN-2478,Freight-Bulk,Delhi-Mumbai,2026-06-10 17:09:00,2026-06-10 17:46:00,35,2.8,False,None,0,60,94,56.7,6,0.8674,True,164.8
TRN-2479,BOXN Goods,Mumbai-Chennai,2026-06-12 20:07:00,2026-06-12 20:31:00,49,15.6,False,None,0,70,90,28.6,12,0.7964,True,150.0
TRN-2480,Freight-Heavy,Chennai-Hyderabad,2026-06-10 20:31:00,2026-06-10 21:04:00,52,0.4,False,None,0,60,98,63.3,30,0.9253,True,340.8
TRN-2481,Shatabdi,Chennai-Hyderabad,2026-06-13 00:27:00,2026-06-13 00:58:00,149,6.5,False,None,0,69,98,42.0,20,0.7984,False,131.5
TRN-2482,BOXN Goods,Mumbai-Chennai,2026-06-10 08:10:00,2026-06-10 08:31:00,41,21.5,True,Loop-7,10.4,60,98,63.3,35,0.8201,True,205.1
TRN-2483,Freight-Heavy,Chennai-Hyderabad,2026-06-12 22:42:00,2026-06-12 22:59:00,35,2.9,True,Loop-1,10.6,65,95,46.2,38,0.831,True,304.0
TRN-2484,Vande Bharat,Vadodara-Surat,2026-06-12 11:29:00,2026-06-12 12:04:00,131,0.1,False,None,0,64,95,48.4,39,0.9335,True,90.0
TRN-2485,Freight-Heavy,Delhi-Mumbai,2026-06-12 12:34:00,2026-06-12 13:13:00,51,14.8,False,None,0,58,96,65.5,28,0.901,True,152.3
TRN-2486,Freight-Heavy,Mumbai-Chennai,2026-06-12 14:57:00,2026-06-12 15:27:00,38,12.4,True,Loop-5,9.3,64,88,37.5,31,0.8522,True,139.3
TRN-2487,Freight-Bulk,Delhi-Kolkata,2026-06-12 04:18:00,2026-06-12 04:44:00,49,3.3,True,Loop-8,10.0,64,94,46.9,11,0.9106,True,282.3
TRN-2488,Rajdhani,Chennai-Hyderabad,2026-06-12 23:55:00,2026-06-13 00:34:00,121,1.6,False,None,0,59,94,59.3,20,0.8293,True,349.8
TRN-2489,Shatabdi,Delhi-Mumbai,2026-06-12 06:59:00,2026-06-12 07:18:00,132,5.4,False,None,0,66,88,33.3,22,0.8704,True,112.6
TRN-2490,Freight-Heavy,Delhi-Kolkata,2026-06-11 12:35:00,2026-06-11 13:05:00,43,24.8,True,Loop-3,10.5,70,96,37.1,33,0.9069,False,93.6
TRN-2491,Freight-Heavy,Delhi-Mumbai,2026-06-12 17:46:00,2026-06-12 18:00:00,38,24.4,True,Loop-3,8.3,58,96,65.5,14,0.9713,True,158.9
TRN-2492,Freight-Bulk,Mumbai-Chennai,2026-06-12 18:16:00,2026-06-12 18:30:00,50,18.3,False,None,0,63,93,47.6,8,0.9582,True,192.3
TRN-2493,Rajdhani,Delhi-Kolkata,2026-06-10 06:53:00,2026-06-10 07:33:00,140,2.7,False,None,0,60,89,48.3,24,0.9302,True,249.9
TRN-2494,Rajdhani,Mumbai-Chennai,2026-06-11 15:30:00,2026-06-11 16:04:00,158,6.0,False,None,0,70,91,30.0,28,0.8668,True,203.9
TRN-2495,BOXN Goods,Delhi-Mumbai,2026-06-13 04:28:00,2026-06-13 05:04:00,46,23.6,False,None,0,58,96,65.5,6,0.851,True,288.5
TRN-2496,Vande Bharat,Vadodara-Surat,2026-06-12 17:15:00,2026-06-12 17:32:00,135,6.1,False,None,0,67,88,31.3,19,0.8681,True,269.2
TRN-2497,BOXN Goods,Mumbai-Chennai,2026-06-11 23:33:00,2026-06-11 23:41:00,45,22.7,True,Loop-12,6.0,66,97,47.0,42,0.8231,True,292.9
TRN-2498,BOXN Goods,Delhi-Mumbai,2026-06-12 18:22:00,2026-06-12 18:55:00,46,22.2,True,Loop-9,5.3,62,89,43.5,47,0.931,True,220.5
TRN-2499,Rajdhani,Mumbai-Chennai,2026-06-11 20:45:00,2026-06-11 21:12:00,115,4.1,False,None,0,66,93,40.9,2,0.7859,True,240.0
